Node,Topsis
0,0.37716999374301546
1,0.12423051447013013
2,0.12384407157221032
3,0.12423034938301157
4,0.12384408791212954
5,0.12400409839990317
6,0.12364464210105192
7,0.14243512755266047
8,0.12374246331177784
9,0.1273265789332875
10,0.12384408406071457
11,0.12341707313359698
12,0.12341707313359698
13,0.12514281425182075
14,0.12411507453756687
15,0.12341707313359698
16,0.12379279064074977
17,0.12400379774252433
18,0.12341707313359698
19,0.12417282469798858
20,0.12411509289848491
21,0.14619646044813583
22,0.12389644925043773
23,0.12423112291757767
24,0.12417207725971911
25,0.12854653834105448
26,0.1284349873193743
27,0.12359720348014082
28,0.12400379327911276
29,0.12400394885085152
30,0.12423031046469053
31,0.12459909146386652
32,0.12364463840961372
33,0.12346065380307068
34,0.1794386544826614
35,0.12346065380566315
36,0.12389632796027072
37,0.12341707313359698
38,0.1237928851694244
39,0.12411514241390241
40,0.12615739269962703
41,0.1246637229145116
42,0.12346065380307068
43,0.12341707313359698
44,0.12364463842145175
45,0.12394961108336121
46,0.12359719381129576
47,0.12346065383138995
48,0.1245353607164742
49,0.12355074222288966
50,0.12389640781862298
51,0.123693062362046
52,0.12346065380383821
53,0.12514420649183058
54,0.1237424771800966
55,0.12423013106942514
56,0.14755859455414683
57,0.12411522857135215
58,0.3262248956505332
59,0.12434911986849985
60,0.1237424486062354
61,0.12350521029241526
62,0.12479573737026996
63,0.12364464424639149
64,0.1476276966973522
65,0.12394966460172119
66,0.12411503574143747
67,0.1473115558715405
68,0.12379278150282279
69,0.12384410138094915
70,0.12346065380488583
71,0.12350520106981282
72,0.12466330055445202
73,0.12384415188703927
74,0.12341707313359698
75,0.1240589430786688
76,0.12350520141662202
77,0.12364467766656412
78,0.1237927592667876
79,0.12394956040038169
80,0.13336889693970036
81,0.12350521095999292
82,0.12536333775174233
83,0.123693062362046
84,0.1240039530140611
85,0.12405897087869755
86,0.12364463841513385
87,0.14199359550219912
88,0.12441060408396296
89,0.12374247164485834
90,0.12346065380331496
91,0.12374246331177784
92,0.12447184852818133
93,0.1237424358675731
94,0.12453487810701815
95,0.12364464764559505
96,0.12379288325021592
97,0.12350520721577313
98,0.12658754577261205
99,0.12400385913642979
100,0.12379284096785415
101,0.1243491212586879
102,0.123644638414105
103,0.14217705901207478
104,0.1252152987015843
105,0.124058957065346
106,0.12374248206014818
107,0.8658233459457928
108,0.12400379369092857
109,0.12559124294975238
110,0.12359719380264923
111,0.12405911458611622
112,0.12350520106991904
113,0.1258276698208632
114,0.12341707313359698
115,0.12447225168011876
116,0.12423025598546716
117,0.12364467523604984
118,0.12551423337280976
119,0.15199916718810366
120,0.14151110215520832
121,0.12394972191813498
122,0.14596578179841949
123,0.12428915520965372
124,0.1235507394506685
125,0.1415048419623308
126,0.12369307850898957
127,0.12417215810666464
128,0.1249317465867252
129,0.12369306465737971
130,0.12417245104358864
131,0.12369304787181612
132,0.12417236935859902
133,0.12428934977896003
134,0.12434912010826864
135,0.12384406038900864
136,0.1858499442163783
137,0.12417237679538369
138,0.12346065380676186
139,0.1237927614645523
140,0.12389633737116644
141,0.12493177070170536
142,0.1260725716070331
143,0.12394972313142955
144,0.12411511782659626
145,0.12346065380331496
146,0.14184209919734758
147,0.12364464210105192
148,0.12441027372339725
149,0.12405893831242995
150,0.1478628597480614
151,0.12369305301946444
152,0.12359722615396444
153,0.12346065407091637
154,0.12346065380407958
155,0.1235052072179031
156,0.14195745777674382
157,0.12350520721634638
158,0.12472942807645207
159,0.12405906348040692
160,0.12346065386617264
161,0.12472908651129058
162,0.12374243049847887
163,0.13237555205834478
164,0.12350520857422798
165,0.12389638570321765
166,0.13246540918498984
167,0.12369305465121319
168,0.12389638655242506
169,0.1437350658765948
170,0.12632686770230042
171,0.2612978249233962
172,0.1259088508277756
173,0.1615736412558225
174,0.12355072069296591
175,0.1242305837282119
176,0.12405893952035034
177,0.12389637054049675
178,0.12400395454716798
179,0.12350521028772171
180,0.1244100342871183
181,0.12384408791212954
182,0.12350520721422371
183,0.12346065388742274
184,0.12428926130781469
185,0.12479574559973887
186,0.12615649813050617
187,0.12417211849025846
188,0.1265000323119129
189,0.1476276966973522
190,0.12355074226967988
191,0.12350520127125744
192,0.12359724921432139
193,0.12359722150758568
194,0.12434906740795004
195,0.1237927592667876
196,0.12400389385076403
197,0.12417214339970026
198,0.15653307730764407
199,0.12641269952520534
200,0.1273261615651336
201,0.12355071454091886
202,0.1322751297569905
203,0.1273265811864941
204,0.12453496884516964
205,0.12346065380383821
206,0.12355073937885737
207,0.12350521078252305
208,0.1236930571801716
209,0.12341707313359698
210,0.12341707313359698
211,0.12507155425695976
212,0.12428921014755866
213,0.1438244659227476
214,0.1242303645859654
215,0.12341707313359698
216,0.1234606538046731
217,0.14768504349097997
218,0.1237927592667876
219,0.1236446753705933
220,0.12355071454834311
221,0.12374244453903825
222,0.12389641959265342
223,0.1248630331527895
224,0.12493182725824893
225,0.12384408206558019
226,0.12405892927082891
227,0.12411522964133088
228,0.12350520115344416
229,0.1236446817215745
230,0.1237929892919058
231,0.12447220137795478
232,0.12472889810795294
233,0.12346065380307068
234,0.123460654147423
235,0.12359721400883898
236,0.12559158167313095
237,0.123693062362046
238,0.12459854661036854
239,0.12752030878223808
240,0.12350521033306663
241,0.12346065380356405
242,0.12466354073859984
243,0.12374249222486333
244,0.12346065380307068
245,0.12359722151125038
246,0.14204979797080658
247,0.12350521471625078
248,0.12447208989823356
249,0.12466351579705226
250,0.12359720277552608
251,0.12405895235075214
252,0.12812226161705653
253,0.12350520721577313
254,0.12423010121282946
255,0.12346065380356405
256,0.12346065380307068
257,0.12428933756592947
258,0.1241151344935372
259,0.12374246331177784
260,0.1237425555763425
261,0.12566931537188575
262,0.12355071454834311
263,0.12369305095659187
264,0.12359719380264923
265,0.12486321622921646
266,0.12428909058813661
267,0.12346065380700122
268,0.12389633091330829
269,0.16413486677949837
270,0.12355072140610064
271,0.128975182409961
272,0.12624261201927678
273,0.1237927592667876
274,0.12405900386703085
275,0.12384408791212954
276,0.12428915103702168
277,0.12812535840629438
278,0.12384409301082755
279,0.12346065380626858
280,0.1260733573270874
281,0.12417215345787819
282,0.12346065380307068
283,0.12359721459377274
284,0.12417217212559904
285,0.14447741069398884
286,0.1234606538074551
287,0.12341707313359698
288,0.12355072058951225
289,0.12355071718453499
290,0.12405892300602561
291,0.12551478929709878
292,0.12341707313359698
293,0.12350520106991904
294,0.1235052061712045
295,0.12384412867299897
296,0.12369305095659187
297,0.12472884431604232
298,0.12389633575278498
299,0.1244101289707906
300,0.12369306366223148
301,0.12350521484903981
302,0.12441000673209963
303,0.1244720127583517
304,0.1451907529585508
305,0.12346065380938884
306,0.1237927592667876
307,0.12355073328526744
308,0.1426939486540067
309,0.12384406038900864
310,0.12400391854719303
311,0.12369308625581416
312,0.12479626139241749
313,0.1255915520940673
314,0.12400389344296034
315,0.14529403636205304
316,0.12346065398164789
317,0.12369311270774877
318,0.12389637007134828
319,0.12374247164485834
320,0.12447238756749565
321,0.12350520107517683
322,0.14690391693411373
323,0.12574830734926778
324,0.14285928353217528
325,0.12574772432035658
326,0.12434916232094183
327,0.12355071454046296
328,0.1237927592667876
329,0.12507329103522313
330,0.1241720995433005
331,0.12441021539692958
332,0.12607362341259631
333,0.12374243517204132
334,0.124931981301033
335,0.12341707313359698
336,0.12350520151606756
337,0.12379278335354296
338,0.12369307043692944
339,0.14292199663894684
340,0.12364467182869723
341,0.12394958756358262
342,0.12536276984505978
343,0.12428924681340145
344,0.12379283341620843
345,0.12417222694459064
346,0.12486367980773043
347,0.12369307347392419
348,0.2875966402548401
414,0.2855872087263411
428,0.31753550226546146
1684,0.6964833592979238
1912,0.5567486365157827
2814,0.18156127794001492
2838,0.18199296267380555
2885,0.18199296274665616
3003,0.18199296267380555
3173,0.182732455908912
3290,0.18239622604668493
353,0.2534790306743905
363,0.2125613091489729
366,0.22858013243661796
376,0.2607937946441188
389,0.20308562575464317
420,0.2467958167904089
475,0.2591471105336497
483,0.2748272614505129
484,0.25414093754157463
517,0.2294925814487437
526,0.22866626893804395
538,0.20734077385777028
563,0.31379244580869103
566,0.2542179038558089
580,0.23231256655702698
596,0.2044736597338075
601,0.2215131800382745
606,0.22797680424073058
629,0.19953215983932462
637,0.21243765203793724
641,0.2251603968302378
649,0.19932204365617506
651,0.2505431994946351
896,0.20632559258085578
897,0.1977061368608358
898,0.19530727055156594
899,0.19286109040868407
900,0.19349742222595848
901,0.19499659513107215
902,0.19595205834326335
903,0.19499668495019723
904,0.19318765269545252
905,0.19603512903943263
906,0.19947389626240775
907,0.19349752313373378
908,0.21556612187007324
909,0.19343138980175517
910,0.19298421935319907
911,0.19273999280076232
912,0.1932367577877745
913,0.19710960151443047
914,0.19369792291267174
915,0.21712806045142705
916,0.22768773026360245
917,0.2071593475793949
918,0.19273999280076232
919,0.19668257743082374
920,0.19349753008530818
921,0.22285322056592005
922,0.1946950657348425
923,0.19406502819951815
924,0.19587269687016462
925,0.23023091106235993
926,0.19404275321229733
927,0.19912541148155755
928,0.19323656846415946
929,0.19372707760175942
930,0.22027885551523146
931,0.19440473057974803
932,0.1974293544043035
933,0.19638936411555402
934,0.1992425440739563
935,0.19310947082906643
936,0.19867787937270182
937,0.1931093962834736
938,0.19461954077984642
939,0.19376595732906984
940,0.19376582658634944
941,0.19663157834227685
942,0.19967764930402973
943,0.19343135857768237
944,0.19522964068692641
945,0.1929224008209359
946,0.2097785172411871
947,0.20279191360196241
948,0.19785367746939528
949,0.1947500991742598
950,0.1933010447864558
951,0.21528664201810543
952,0.19944183425174788
953,0.20342589368363462
954,0.19878432567060203
955,0.1933009701138757
956,0.19330101707124503
957,0.1982984916460974
958,0.19425486890069624
959,0.19595316739026913
960,0.20144484560134965
961,0.19424242564186864
962,0.21707702847888277
963,0.19548818422726746
964,0.1944001961900588
965,0.19369771987796575
966,0.20278925538605727
967,0.2024567283138179
968,0.19798932956032242
969,0.19484432289623285
970,0.19363037571290784
971,0.1949968823749294
972,0.19404247576325892
973,0.19487930506250062
974,0.1933658292894449
975,0.19662886850730987
976,0.19730732008448731
977,0.19439978154516524
978,0.20155560448257087
979,0.19330093232723805
980,0.20432545136874894
981,0.1960349963068579
982,0.19789120346837205
983,0.1973374080507723
984,0.19769137779225535
985,0.19310940195418722
986,0.19336581893637056
987,0.19325463078751418
988,0.19554538499585536
989,0.1950736843120138
990,0.22558534968734106
991,0.19482949138269384
992,0.19476889899416172
993,0.208223064907884
994,0.19447373825828343
995,0.19797968137057426
996,0.19366510626873673
997,0.20068600638797127
998,0.19323673314798243
999,0.19874800740888293
1000,0.1936980152368663
1001,0.198237674828312
1002,0.19292240939817915
1003,0.20058262019294368
1004,0.2033698559819074
1005,0.19356340047122944
1006,0.20605415656388076
1007,0.19369814439061217
1008,0.19391674440350318
1009,0.19689141881978653
1010,0.1957216900376965
1011,0.19562173430616678
1012,0.19766198569979318
1013,0.21980095226446608
1014,0.20307640925030318
1015,0.1951509315663096
1016,0.19323656143396942
1017,0.20695106670933697
1018,0.19861913583317764
1019,0.19748824335796045
1020,0.19904689834543293
1021,0.1972477543883272
1022,0.1934272112473554
1023,0.19326653985975606
1024,0.1995450190003064
1025,0.20147250474499007
1026,0.1990442695215082
1027,0.19286108969785856
1028,0.21890093687503548
1029,0.22325374571386356
1030,0.1933660343457781
1031,0.1933380872857862
1032,0.20140450384156572
1033,0.1937658155891053
1034,0.19286109248031938
1035,0.19440023261283865
1036,0.19697865963735187
1037,0.1957980532008277
1038,0.1929842799436477
1039,0.19447260266128
1040,0.19779577396322834
1041,0.19668953968164038
1042,0.19363041446395393
1043,0.19343138438049018
1044,0.19454558254199747
1045,0.1934314616120039
1046,0.19286108967144483
1047,0.19761199497646312
1048,0.2020174340533157
1049,0.20029616028762487
1050,0.19336590602097248
1051,0.19595433230764817
1052,0.19800331654092712
1053,0.19326214485285775
1054,0.19725839518286314
1055,0.1939802440416698
1056,0.19761185139730075
1057,0.19298427395550655
1058,0.19358506505484646
1059,0.2090726973923013
1060,0.19709015380646322
1061,0.1933009580924223
1062,0.19411381608725778
1063,0.19411290823778737
1064,0.1944736584492613
1065,0.19280028725717005
1066,0.19995713746297336
1067,0.19933781123716654
1068,0.19620438908941637
1069,0.19404248490813208
1070,0.22161702966086713
1071,0.19286108985043973
1072,0.1943995453889848
1073,0.19330122097268926
1074,0.2212533510303177
1075,0.20069552564344062
1076,0.20605311679537988
1077,0.21694748670880604
1078,0.2121943058936422
1079,0.2037229101101556
1080,0.20037592780596075
1081,0.19469398815210237
1082,0.19689049374427467
1083,0.20177372252612227
1084,0.19363053459269772
1085,0.35034898172173307
1086,0.21744645464326526
1087,0.19385263976469985
1088,0.21676963228622884
1089,0.19356354682590995
1090,0.1934971814597151
1091,0.19397306367827313
1092,0.19628814894430133
1093,0.19323667541222356
1094,0.19336595257548472
1095,0.19821229300449386
1096,0.19273999280076232
1097,0.19515101621617462
1098,0.21884345458066137
1099,0.19886949092879247
1100,0.19751838401303762
1101,0.2037246898762561
1102,0.19843800670877373
1103,0.19367819887966653
1104,0.2043572961023605
1105,0.19292240939817915
1106,0.19447403476623895
1107,0.20592630115644364
1108,0.19777220471260643
1109,0.21784338515515786
1110,0.19921985834320702
1111,0.1932365732404887
1112,0.19662971820727845
1113,0.19885439658856313
1114,0.21842023888565637
1115,0.19515085639435806
1116,0.1946200901492842
1117,0.20360680184836147
1118,0.1950735254320331
1119,0.19273999280076232
1120,0.19637261189624966
1121,0.1948219316954655
1122,0.2001703445162582
1123,0.19817312128411627
1124,0.2045700987322713
1125,0.2030203627125853
1126,0.23446654603176975
1127,0.19404287811049745
1128,0.20310327230428538
1129,0.19766613041852654
1130,0.1977036851190872
1131,0.19484525411278517
1132,0.20605192843917217
1133,0.19304664516722364
1134,0.19336592032356772
1135,0.19789049584247076
1136,0.2416016409240067
1137,0.19461952647284939
1138,0.19356388604270788
1139,0.19425517473914336
1140,0.194546375865913
1141,0.1938340708236919
1142,0.19743490855059084
1143,0.1942485069403258
1144,0.19404233978456345
1145,0.19273999280076232
1146,0.2069355654792809
1147,0.19298427066071308
1148,0.20019397468222913
1149,0.20133355600523162
1150,0.19386135457207115
1151,0.19313579504432798
1152,0.19376579563976284
1153,0.20567370769371113
1154,0.1932367536791148
1155,0.1997216401572298
1156,0.20100802291743813
1157,0.19298424881513043
1158,0.19977244569516972
1159,0.19725051869495677
1160,0.2011687956432498
1161,0.19420171890855864
1162,0.19317280211485816
1163,0.2011149689185931
1164,0.1944726831912823
1165,0.2422522678529537
1166,0.1989618420324181
1167,0.19454596022629744
1168,0.19304659838299174
1169,0.19467821021920786
1170,0.19515405320101217
1171,0.2483948032518024
1172,0.2025614933022629
1173,0.22754525773813564
1174,0.1938340735238663
1175,0.2053788410330871
1176,0.19280028789633277
1177,0.1936309984244432
1178,0.21712399655129053
1179,0.2203051892101768
1180,0.19587097470862375
1181,0.1999521082727641
1182,0.21950267905931192
1183,0.19556515506847502
1184,0.20813059039073983
1185,0.20786350194119255
1186,0.19376554373120403
1187,0.21718213510693732
1188,0.19484454954615257
1189,0.19656683500985844
1190,0.1953864530257857
1191,0.2028474846834326
1192,0.20304167093874909
1193,0.2176754230851428
1194,0.19292242834728315
1195,0.19620353014950284
1196,0.21540182168349584
1197,0.21462254739676292
1198,0.199341146250253
1199,0.2166482720717047
1200,0.19292242286244338
1201,0.19697969036974025
1202,0.19323693145588305
1203,0.19317281749089396
1204,0.20413225086833686
1205,0.20133279717311742
1206,0.19273999280076232
1207,0.19826597566139792
1208,0.1928610896738107
1209,0.19927840897688548
1210,0.21816563276453804
1211,0.2101729410746348
1212,0.19439999734802307
1213,0.1939726109563673
1214,0.2026797000996176
1215,0.19621642714974882
1216,0.19515102572461532
1217,0.21894930541905655
1218,0.19336591761464744
1219,0.19663020302176
1220,0.1932367534341636
1221,0.19818083674096343
1222,0.20605884152327184
1223,0.1962055261391372
1224,0.19280028718989153
1225,0.19469439362402022
1226,0.2176316675540087
1227,0.19944361657990453
1228,0.1941839716337391
1229,0.19654435648714988
1230,0.20396183237313198
1231,0.19872636539255217
1232,0.19461961680455594
1233,0.19330483763075193
1234,0.19363039563700704
1235,0.20263651779248262
1236,0.1957087612101067
1237,0.22128752044265315
1238,0.20864934148000222
1239,0.19323671566786893
1240,0.193525964096732
1241,0.19397268201746828
1242,0.20099607900400637
1243,0.20244852450400957
1244,0.1934313831529217
1245,0.19753179412108335
1246,0.19507644122331147
1247,0.19425617567285844
1248,0.19317287411383252
1249,0.19363032189993698
1250,0.20604769838374315
1251,0.1934311728065411
1252,0.1928610898386821
1253,0.19286108985043973
1254,0.19304662712381862
1255,0.204412234447415
1256,0.20517776144822622
1257,0.19671556709278656
1258,0.1956279655141882
1259,0.19660579046670162
1260,0.19530762715975616
1261,0.19995641134941392
1262,0.1928003215665162
1263,0.19304666910987642
1264,0.19298424646069112
1265,0.1953965553311967
1266,0.1939138693059519
1267,0.2033693153350086
1268,0.19515468458416738
1269,0.20408142344919775
1270,0.19280028736845276
1271,0.20068572123918973
1272,0.20001410931504715
1273,0.19965080983855044
1274,0.21792205000588777
1275,0.19746260542644017
1276,0.19280030737363404
1277,0.20608801347910205
1278,0.19577920446071226
1279,0.19578796661404468
1280,0.1986512573386518
1281,0.19761123503855063
1282,0.1999557943032504
1283,0.1955962412207698
1284,0.19922682802483624
1285,0.19671632681456303
1286,0.19418366527662617
1287,0.19770292963532343
1288,0.20026387703520612
1289,0.22232656221405983
1290,0.20037529276994667
1291,0.202560453627354
1292,0.19671558238167922
1293,0.19611937131133186
1294,0.19626408777278073
1295,0.19298426135269642
1296,0.1948944951264747
1297,0.19343268478075104
1298,0.1981697984073216
1299,0.19476921181792603
1300,0.21906947344366215
1301,0.19304660015307604
1302,0.2018839787395754
1303,0.1981860986064299
1304,0.19530927366608847
1305,0.20185829925847198
1306,0.19439982662096822
1307,0.2180392002702004
1308,0.1939725919764691
1309,0.19777272331056708
1310,0.19447227324850735
1311,0.19551114377543258
1312,0.22075403708557803
1313,0.21943640613420848
1314,0.19496655415818673
1315,0.19578802918058213
1316,0.1948443207676014
1317,0.21860580857971765
1318,0.19821264557535742
1319,0.1944721062607872
1320,0.22182441952686532
1321,0.19432770051699397
1322,0.2005664291192965
1323,0.19874775153445656
1324,0.19771197656501194
1325,0.19383421272521859
1326,0.19280028736615223
1327,0.2176031051346395
1328,0.21719592645338556
1329,0.2064951398084061
1330,0.20360793346844283
1331,0.20656336297388173
1332,0.1991393947326895
1333,0.19492015535778762
1334,0.2234657480482476
1335,0.20432141949078442
1336,0.19671630687034636
1337,0.1951554608820523
1338,0.21990454007878785
1339,0.20111656320770419
1340,0.19742794494648191
1341,0.20372380947476432
1342,0.19330113444760744
1343,0.19838534605024616
1344,0.2007874472137883
1345,0.20130217638526732
1346,0.19298425111525735
1347,0.19845842201010336
1348,0.1957973429800246
1349,0.19871739801387678
1350,0.19492136322782577
1351,0.1977956178437583
1352,0.23976283920836958
1353,0.19286110427791067
1354,0.1929842632668401
1355,0.1952292351247104
1356,0.19397266736410845
1357,0.19867356295394514
1358,0.22329196272715615
1359,0.19944285186739888
1360,0.21880544609407634
1361,0.22897646014067874
1362,0.19286109034310706
1363,0.19404216308680994
1364,0.1934313233210027
1365,0.19562660596875026
1366,0.19770821746315653
1367,0.2098276088238548
1368,0.1933009701138757
1369,0.21922502317904638
1370,0.202446511096292
1371,0.19600944344636764
1372,0.19310937706866615
1373,0.20043329269539445
1374,0.22009001102550158
1375,0.19845697742769525
1376,0.23282449096957963
1377,0.2132069304663735
1378,0.194844237612238
1379,0.19637123159452477
1380,0.19954306590710133
1381,0.19447215129973353
1382,0.19761057664707618
1383,0.19292241291568768
1384,0.1943255690901209
1385,0.19419662210738636
1386,0.19273999280076232
1387,0.19386135990969552
1388,0.19944213730055965
1389,0.19595303189009902
1390,0.2130292378507012
1391,0.2104522930827781
1392,0.1972946385369446
1393,0.19717447798578136
1394,0.19280028720162773
1395,0.1928002987737257
1396,0.1986953610813523
1397,0.1964163318375207
1398,0.1957890742917988
1399,0.21087471533769303
1400,0.19701380698472962
1401,0.1934315156370979
1402,0.19845706255999596
1403,0.19323656143396942
1404,0.1962873139935809
1405,0.22817133182571958
1406,0.19683293196623158
1407,0.1958573244025217
1408,0.21817053331343234
1409,0.20177766148009307
1410,0.2172561835492853
1411,0.1935391536932915
1412,0.1946212362479034
1413,0.197157120507855
1414,0.19317272047873563
1415,0.19526216634532984
1416,0.20295923105534536
1417,0.19298429900914585
1418,0.19404284200224584
1419,0.2252847301697822
1420,0.23165278808972836
1421,0.2174829153880359
1422,0.19487490613507955
1423,0.19793499735075573
1424,0.19390366977805648
1425,0.21878630345899505
1426,0.19751868227826125
1427,0.20128567155372137
1428,0.19596579121688498
1429,0.19755548170096662
1430,0.19280028764168206
1431,0.21713728043856262
1432,0.19671585041515613
1433,0.19418369873268324
1434,0.19404743715694686
1435,0.19988471430405474
1436,0.19559237644437696
1437,0.1969873546983684
1438,0.1949965404057929
1439,0.1940426704982435
1440,0.21575477299427798
1441,0.1941150285717518
1442,0.1929842751717858
1443,0.1932365882786515
1444,0.19598099273435782
1445,0.19398065662168237
1446,0.21822229499377208
1447,0.20605677134640954
1448,0.19717583648178316
1449,0.2000581945918056
1450,0.2250025267922831
1451,0.19476957487932403
1452,0.1949967984194327
1453,0.19454779216968446
1454,0.19852365306463018
1455,0.19503857589356594
1456,0.20480760547723928
1457,0.1973374203415828
1458,0.21595661557552823
1459,0.20160381782861742
1460,0.19670584916087336
1461,0.1940650973239139
1462,0.19944118713465941
1463,0.1933011691668272
1464,0.19664184481019936
1465,0.25371070729473383
1466,0.19273999280076232
1467,0.2044151040450433
1468,0.19476884147891316
1469,0.19746596003713285
1470,0.1981719340240954
1471,0.20962468053096006
1472,0.2006382147854801
1473,0.19949259675599892
1474,0.19292240484211914
1475,0.20073099286566892
1476,0.19340004589411638
1477,0.1942190985952944
1478,0.1937656788630919
1479,0.2001295581006787
1480,0.20101092417606348
1481,0.1937658055963913
1482,0.1962040322393882
1483,0.2214778895075795
1484,0.19411318675088318
1485,0.21770852430419768
1486,0.19337025251285705
1487,0.2015013399761856
1488,0.20517788946116425
1489,0.1941126165768003
1490,0.1956217051152116
1491,0.2039613145116923
1492,0.19555573358487954
1493,0.19439918917504573
1494,0.21764256165356177
1495,0.19986316210581698
1496,0.19668912124021917
1497,0.19462179330653756
1498,0.19304662460570743
1499,0.1934313707504375
1500,0.19462013177480428
1501,0.19383463367365777
1502,0.1980783536300914
1503,0.19454585622160975
1504,0.19698142082957015
1505,0.2288756369544753
1506,0.19531808403059225
1507,0.19579769312990977
1508,0.19698432363868656
1509,0.2263085601281826
1510,0.1929224091501717
1511,0.2182828903749938
1512,0.2186364037646113
1513,0.21815623038674653
1514,0.1988545053912402
1515,0.20044333390921076
1516,0.20826149763131
1517,0.19515154846878144
1518,0.21680705462807973
1519,0.19597013619455594
1520,0.20302268336109808
1521,0.19304660005060867
1522,0.22878572078576953
1523,0.21909261058926507
1524,0.19554621041979448
1525,0.19689365844806692
1526,0.19518675601604074
1527,0.193848274398735
1528,0.19946418148431827
1529,0.19763921823105757
1530,0.2016616234561415
1531,0.19411446244870223
1532,0.19538683997585504
1533,0.1952834494444397
1534,0.2522033972238569
1535,0.19751984503333833
1536,0.22378282794728308
1537,0.21721412849121594
1538,0.19826664060398588
1539,0.19894368262175552
1540,0.21980457069487475
1541,0.1949206564679004
1542,0.19671667318015473
1543,0.19788814725149897
1544,0.19419698635850152
1545,0.2204021516621585
1546,0.19286108976783387
1547,0.20360454138393794
1548,0.1958763641036907
1549,0.2199522508690888
1550,0.19530719524294832
1551,0.20989486223509732
1552,0.19421036296684482
1553,0.21867476156623275
1554,0.20839896030247415
1555,0.21886919911445035
1556,0.19432743444216144
1557,0.20782969759520661
1558,0.1928002881798388
1559,0.2120146893030067
1560,0.19273999280076232
1561,0.1952251136043258
1562,0.19330126584716392
1563,0.20244827506770852
1564,0.19411500999461684
1565,0.19857656693152273
1566,0.19397322026933528
1567,0.21817759569947645
1568,0.19461942970333462
1569,0.19612343119006584
1570,0.20384402453720146
1571,0.19715916397098018
1572,0.1957072976069117
1573,0.20067184578923616
1574,0.22239838385597616
1575,0.1939730661011578
1576,0.19821139142589958
1577,0.26973255457891976
1578,0.1958380265213705
1579,0.19298422362768955
1580,0.1993418927091629
1581,0.19273999280076232
1582,0.19761085029623246
1583,0.20079447222424415
1584,0.21701484292231696
1585,0.19439055740685388
1586,0.19286108967144483
1587,0.1965425719251675
1588,0.2174051702332948
1589,0.21481114067497514
1590,0.22156264882802362
1591,0.20059067392579458
1592,0.1943268146868957
1593,0.21918614139232276
1594,0.1938771495815771
1595,0.19763209298304196
1596,0.19874748769550063
1597,0.20244773778093558
1598,0.20661587590535094
1599,0.19336605019614453
1600,0.20364674653679674
1601,0.19484424659234434
1602,0.19343121080511844
1603,0.20643279788858104
1604,0.20813544100102446
1605,0.20005628890661753
1606,0.19758321651025973
1607,0.1929842649290124
1608,0.20302136908017004
1609,0.2008920714913244
1610,0.21101312702692177
1611,0.20033645070806244
1612,0.21315189253939268
1613,0.21143929405859202
1614,0.19874176674805327
1615,0.19425526123258866
1616,0.20052550811101344
1617,0.2240823160867598
1618,0.217224662705502
1619,0.20267489416408122
1620,0.20618692442880043
1621,0.23320248805528357
1622,0.21129778972026483
1623,0.20111518923096205
1624,0.19507443846126651
1625,0.19644858907232562
1626,0.21627739332850054
1627,0.19286108969785856
1628,0.19992976398406084
1629,0.19411272577222385
1630,0.20020576259411713
1631,0.19556185225782038
1632,0.1989443095200427
1633,0.1941838780520411
1634,0.19530831659547015
1635,0.19499681386531903
1636,0.19874752124220088
1637,0.20158090476234175
1638,0.19706092143031814
1639,0.19941732398231238
1640,0.19317273355657616
1641,0.19356401084484318
1642,0.22566333570508876
1643,0.20111505043140337
1644,0.19861169743651982
1645,0.2008920898880949
1646,0.193834793476224
1647,0.19697446589357773
1648,0.19432678323621097
1649,0.1950739633945813
1650,0.19455084913070145
1651,0.19292246873297902
1652,0.1991417121718112
1653,0.19845675760333903
1654,0.19516478325082978
1655,0.19680284485664068
1656,0.22608982045585285
1657,0.19298421935319907
1658,0.1950366038309683
1659,0.19924124879796345
1660,0.19631783416698134
1661,0.20111066210577117
1662,0.20656176665203768
1663,0.2399105042317176
1664,0.19304661450328015
1665,0.2042008085333658
1666,0.2525305530489087
1667,0.19447341880096736
1668,0.20360478823360717
1669,0.20542414957200641
1670,0.19378287558349178
1671,0.19661144512079093
1672,0.1943274835796417
1673,0.1994903368739058
1674,0.19651840968886994
1675,0.2030246021392325
1676,0.1936979080326986
1677,0.1982387585414591
1678,0.19452176427162418
1679,0.19749618652189244
1680,0.19971112219995718
1681,0.19489385005765972
1682,0.19737363079731815
1683,0.20372924033770062
1685,0.20037026510363737
1686,0.19507499612541868
1687,0.2432333880946205
1688,0.2236174060242345
1689,0.2038420623311271
1690,0.19280028898833987
1691,0.19715681711917232
1692,0.22058098521712557
1693,0.1928611037053083
1694,0.19809021263608964
1695,0.19723764547655276
1696,0.19343155832224265
1697,0.2141013329531928
1698,0.1939031565570494
1699,0.19676560626833173
1700,0.19376604649553875
1701,0.19415045014517224
1702,0.21876588534399724
1703,0.19808309956702733
1704,0.19432721150938087
1705,0.21770812072421333
1706,0.19769255013931197
1707,0.2118665233340315
1708,0.1933010164946348
1709,0.19812046394282526
1710,0.1942557364446228
1711,0.1929842852726903
1712,0.2016622375778803
1713,0.19292245560137206
1714,0.2121538983536746
1715,0.19761042125064637
1716,0.19784502876127275
1717,0.20567588966323713
1718,0.266115787870348
1719,0.2170998281793114
1720,0.19878479487183645
1721,0.20278965030134163
1722,0.1968053061559684
1723,0.19620325661618884
1724,0.1976977767823274
1725,0.19637831370109324
1726,0.2249050029108193
1727,0.19541358560788377
1728,0.19484445669758457
1729,0.20111137163585763
1730,0.2186709596528479
1731,0.19317275668730674
1732,0.1981853546355868
1733,0.19530741100839985
1734,0.1962035481160781
1735,0.20210804299694923
1736,0.20786520167405623
1737,0.19894344520921395
1738,0.19496627755853982
1739,0.19356363419983794
1740,0.2185229845025675
1741,0.20155321951590374
1742,0.20101021187830692
1743,0.19517601283015928
1744,0.19804736263381598
1745,0.21603398350957267
1746,0.21436634492695936
1747,0.1941128537235303
1748,0.19349704991832467
1749,0.19349733218340115
1750,0.2040822022940809
1751,0.1983530679119239
1752,0.20278955764892978
1753,0.19924168433325062
1754,0.19752029082685355
1755,0.19280028775695182
1756,0.19369772353787665
1757,0.20468558989049807
1758,0.22548259952204733
1759,0.19304655803091894
1760,0.192861105339378
1761,0.20350399516999232
1762,0.19292240271059127
1763,0.1975688806153014
1764,0.19432688177702998
1765,0.1982739118562142
1766,0.19774130868113554
1767,0.19932648554620339
1768,0.21603628914426784
1769,0.21532850254521704
1770,0.19660638018860807
1771,0.1939726041793828
1772,0.19724775045094275
1773,0.19624469694260527
1774,0.19546757797577075
1775,0.19317282400691593
1776,0.19298421935319907
1777,0.21710523443634605
1778,0.21864056120576955
1779,0.1946808332822426
1780,0.2151484649333135
1781,0.19440050910659515
1782,0.2188942114146283
1783,0.20558124431992422
1784,0.19376563577957476
1785,0.19469597404513692
1786,0.2028597690944434
1787,0.19551828584578693
1788,0.19330095528081745
1789,0.20144243632013598
1790,0.1980695839559244
1791,0.20531163510882366
1792,0.1935517547701593
1793,0.2064335415023197
1794,0.19896946569733126
1795,0.1999522243034864
1796,0.19817072220674659
1797,0.19298430435670907
1798,0.1949966433267216
1799,0.20733862541562947
1800,0.22172321216976873
1801,0.19651466199716533
1802,0.1934311474018094
1803,0.21755350254602895
1804,0.2133211772819164
1805,0.19411328798892438
1806,0.21848030601886662
1807,0.19637552468004554
1808,0.21586403320005051
1809,0.2025608550445993
1810,0.20133319155157334
1811,0.1974285561517899
1812,0.19785411869773636
1813,0.20917817264785854
1814,0.1933010953743984
1815,0.1942551097922953
1816,0.20468472467945625
1817,0.21458836283042995
1818,0.19469542379901433
1819,0.19985029115289352
1820,0.19986253548966776
1821,0.1944726980915219
1822,0.1938476416508596
1823,0.20420189727577956
1824,0.1990463283996724
1825,0.21834599630179347
1826,0.201332615857507
1827,0.2142204966863368
1828,0.1992670421071986
1829,0.1936980216020861
1830,0.19441304949462743
1831,0.19563210337482398
1832,0.19595304737994956
1833,0.21273467349982067
1834,0.19273999280076232
1835,0.2330528424453827
1836,0.21532539214522345
1837,0.19551737335688782
1838,0.19304659171366909
1839,0.20907244545474002
1840,0.19330104178476712
1841,0.19620239082703472
1842,0.20325346671400987
1843,0.19564733007122742
1844,0.20165735507277513
1845,0.20122891673873555
1846,0.21696578024490062
1847,0.21775763877213972
1848,0.1972152454649445
1849,0.20325245033012723
1850,0.19671406345758993
1851,0.19619609392741233
1852,0.2154252803836635
1853,0.19453268812628063
1854,0.19280028751770997
1855,0.19438541002737017
1856,0.19292243236768378
1857,0.19836069517589322
1858,0.1949804787723252
1859,0.1964610289730977
1860,0.1943333846163998
1861,0.2016397330513904
1862,0.19662923503164
1863,0.21728231297443512
1864,0.20251217843046931
1865,0.19317278184994
1866,0.21803460802777924
1867,0.20372596891628098
1868,0.2034879194088475
1869,0.19363035815291388
1870,0.19693503453069328
1871,0.20148883070022575
1872,0.1967964567422523
1873,0.19554531786989426
1874,0.19349726057112482
1875,0.19660965107098335
1876,0.19737543164904245
1877,0.19751931089039856
1878,0.19788944490506108
1879,0.2070771067403685
1880,0.19484427155990686
1881,0.1989202941956869
1882,0.20033902182238036
1883,0.21532707564328027
1884,0.19484420526115756
1885,0.19586107234486297
1886,0.20166448341163495
1887,0.19336579182496252
1888,0.22260695634613442
1889,0.1936309095451649
1890,0.19304665831295942
1891,0.1981712913054002
1892,0.19343113960681035
1893,0.20144041711134864
1894,0.1994982911557243
1895,0.19522932288436814
1896,0.19323680091601167
1897,0.19887758057255608
1898,0.20122372755170845
1899,0.2010135854830847
1900,0.19439992468897319
1901,0.1942487698474772
1902,0.20456484798665897
1903,0.1954657308818434
1904,0.1946945158781833
1905,0.1933658166783476
1906,0.19411276398311986
1907,0.1967572029977332
1908,0.19377736927160785
1909,0.2168105438085023
1910,0.19477075379482572
1911,0.21664406635186695
1926,0.16787716313583886
1932,0.1635938258126855
1939,0.13595719315507368
1945,0.17052127749711324
1951,0.13421967646480756
1955,0.16240777966256922
1972,0.13484840886473218
1973,0.13432975832447597
1976,0.13197658074300062
1991,0.13280630981937172
1995,0.13412134135540238
1998,0.13325486953033736
2001,0.13382447593553878
2004,0.13289639787920765
2007,0.17588510717816613
2009,0.13246488975739812
2018,0.13335009998906117
2024,0.13316487062710636
2027,0.1323776379522085
2032,0.17067323997602593
2038,0.16705898998459287
2039,0.16458575635305797
2042,0.1638840915715013
2054,0.17311571814385981
2068,0.1697917678420399
2071,0.16718354226747706
2072,0.1679219824160928
2081,0.17473878802096654
2102,0.16851890373482722
2111,0.17648759120943658
2116,0.1343640750482554
2117,0.17001337267238165
2127,0.16562376770948245
2128,0.16249850148462938
2133,0.17235168487491814
2135,0.16187075892542616
2138,0.16833216103851828
2143,0.16445127665507975
2153,0.16960722864511468
2157,0.13197090270759063
2171,0.13442321631843834
2174,0.16659213386516014
2180,0.16609860839833868
2183,0.16779233808844035
2187,0.1708146313821193
2189,0.16684641689643437
2199,0.17508934016015817
2203,0.16424807762933438
2223,0.16641210608548376
2224,0.16792233966244116
2225,0.13221597431930301
2247,0.1671553105125237
2250,0.1654302051936313
2254,0.16211197322980048
2264,0.16148955897755066
2267,0.16229694561065738
2268,0.16827820568678548
2279,0.16715409113154464
2283,0.17288967028244967
2284,0.13344285984077198
2289,0.17273211541472533
2292,0.17017016898420168
2302,0.16641604101850288
2319,0.1672139067290193
2327,0.16647866645174447
2336,0.17128571521525404
2337,0.13166100690157462
2364,0.1343224614433896
2378,0.1328937169529596
2384,0.17624862717394477
2398,0.1644523876675768
2417,0.15968620175711926
2436,0.16346244475407573
2445,0.1596906536745057
2447,0.13280659861160404
2451,0.1653387594648635
2458,0.1631332000432925
2459,0.132552658955525
2461,0.16719518511475542
2463,0.16747357519941716
2471,0.16834250875861814
2472,0.160492213995855
2475,0.1637722067025135
2491,0.16704112896172751
2494,0.13197159255490698
2498,0.16337934307208735
2502,0.15719760816854997
2508,0.1641257102221798
2510,0.1694292850065896
2511,0.16951238770502197
2529,0.15772117505811256
2533,0.163269370850811
2538,0.13344395828826106
2543,0.22213143219122006
2547,0.15950747527248715
2571,0.1313349071761527
2583,0.13254678230375433
2589,0.1616866201113911
2598,0.17325930917593754
2617,0.16583737035442223
2629,0.16788823436746794
2635,0.1306497703899583
2636,0.13189270678185472
2640,0.13344387231951602
2643,0.16436549245753282
2647,0.13271887859748852
2649,0.16709840181562582
2653,0.16100149279321793
2660,0.13189397846822046
2704,0.16116377276163021
2740,0.16116377276163021
427,0.16944033172440695
464,0.14417201097477034
549,0.1667220720533742
351,0.14406997923420214
364,0.1442802986193731
393,0.14417295081679007
399,0.14422622257521991
441,0.14422622257521991
476,0.14412046943901355
501,0.14422622257521991
564,0.1442815381804801
349,0.1357908991184095
350,0.15893276562929548
352,0.13872303313146722
354,0.13774851439228056
355,0.13932894438207996
356,0.13562084182894663
357,0.15789103904161092
358,0.13552692020039356
359,0.13877576843359288
360,0.18150251154981867
361,0.13799005020171382
362,0.13693247496225763
365,0.1362049437466268
367,0.14237470104215827
368,0.1409372441778848
369,0.1586857880225675
370,0.18977571297882545
371,0.13581515676026418
372,0.1370309844840603
373,0.19355729009371445
374,0.19067078808791665
375,0.13915762667910145
377,0.13557344976481414
378,0.16894732841271767
379,0.1355734497598074
380,0.13668668132659742
381,0.13674182338406055
382,0.13630415888541872
383,0.13562084288654508
384,0.1356690733406288
385,0.14007676838023006
386,0.1356208418045204
387,0.180809289849536
388,0.16168707729138834
390,0.1370321225900828
391,0.18991086103866076
392,0.18418774376362732
394,0.14378676604196677
395,0.19064543934034878
396,0.13884297861958042
397,0.16505148447563248
398,0.1405921659170178
400,0.18972022577387843
401,0.1355734497581059
402,0.1841712642041777
403,0.1375790821736933
404,0.16575726396841492
405,0.15815672365490183
406,0.13566908701983127
407,0.15738481440860422
408,0.16629149830622508
409,0.14069018509911832
410,0.13749754843251027
411,0.13562084181764095
412,0.19424406766332242
413,0.13739600941924818
415,0.15886827385022653
416,0.18257851766489186
417,0.18655274388092027
418,0.1377943847072342
419,0.18881674011136884
421,0.1581864615538239
422,0.14798018562213597
423,0.18773831046721495
424,0.13703020427630533
425,0.15857809144432872
426,0.15806597185527113
429,0.13597636531158022
430,0.16496105636016256
431,0.16965816707172945
432,0.16551647820840365
433,0.15677120501932915
434,0.16320350942665302
435,0.15740281422787925
436,0.16909174939572014
437,0.13597656896770616
438,0.16966750331616687
439,0.18200104027682054
440,0.13790381598642942
442,0.1581469829362576
443,0.13557344975848276
444,0.16447417431164757
445,0.13737775506328403
446,0.14089389802602212
447,0.13552692020039356
448,0.1356208338483828
449,0.1574527433365761
450,0.1379739565381159
451,0.17968134574876274
452,0.16064529242303838
453,0.13571820199399873
454,0.13562083171674524
455,0.16050159315483933
456,0.18411846317129638
457,0.1580236228197018
458,0.138285973378282
459,0.1574021075022084
460,0.1850743733302132
461,0.18825812020478622
462,0.13812834219356965
463,0.1637435786492217
465,0.19184692946582166
466,0.13592301050020447
467,0.13566906574575194
468,0.13557344975848276
469,0.15839006468925107
470,0.1363143185325022
471,0.1811097248313489
472,0.1549364236440455
473,0.1626375759864308
474,0.13801872035790885
477,0.15688471251066205
478,0.13621044858857245
479,0.16335792300009483
480,0.15947768127696887
481,0.1392848986370758
482,0.1634495470004535
485,0.15648942751540756
486,0.1369708403252877
487,0.14189970297237753
488,0.1389107985628177
489,0.13864183842015237
490,0.137358383363197
491,0.13729572935332207
492,0.19032323193556377
493,0.1451285849708882
494,0.14232415511044477
495,0.1372091367794041
496,0.1468256345958509
497,0.19129650290874164
498,0.13613223762433638
499,0.1356208317246288
500,0.1710193595517794
502,0.1372957606913839
503,0.16486205777536386
504,0.16007943023299687
505,0.13679781334815705
506,0.16954725478003557
507,0.16726587219435152
508,0.15813724157497303
509,0.13691231683189267
510,0.15820985760654402
511,0.16051657043593162
512,0.16100610162020093
513,0.1932888536242635
514,0.16831390294956752
515,0.16864889806320707
516,0.15802343580422934
518,0.15795325207364005
519,0.13816973174323946
520,0.18637725867439614
521,0.13769268293868028
522,0.1360305753200568
523,0.16134755529071002
524,0.19009823696505354
525,0.18895692035458475
527,0.1628739617166052
528,0.15741740659648226
529,0.13616578614311875
530,0.13566907338950882
531,0.16008832223232541
532,0.13597658825029857
533,0.13601074823950834
534,0.15671129616397464
535,0.13997500752989234
536,0.13863407060822686
537,0.1621765970597268
539,0.13797529996948807
540,0.1372814713431607
541,0.1568758080961414
542,0.18888478225197566
543,0.15747155822461661
544,0.1687890781770919
545,0.16212628478486482
546,0.15997455329339377
547,0.13919420723079945
548,0.13936553167145263
550,0.13552692020039356
551,0.13703021102226753
552,0.1356690733406288
553,0.19228068901688336
554,0.15789572347788494
555,0.14020723374986296
556,0.16349468282565052
557,0.14200305045929082
558,0.16066018109387456
559,0.19341547562288708
560,0.14195716856822788
561,0.1924046932762762
562,0.135718160908911
565,0.13816510819158198
567,0.2710152709696163
568,0.13608574735565543
569,0.15753776892826657
570,0.1601433880845919
571,0.13562083462994554
572,0.13566906574575194
591,0.18663183021117566
656,0.1373958879745029
669,0.1643057887875453
604,0.18651999945828135
645,0.18304156099301852
646,0.15813493873684367
666,0.13745660813364582
683,0.18132861433517208
587,0.13861053037992022
590,0.15622424815120045
614,0.16415647076765277
634,0.15924549491829731
680,0.138085935519127
586,0.13757103535842038
610,0.15677805323624705
652,0.13754216417144816
673,0.13754216417144816
676,0.15896315445571324
620,0.13880302926462718
574,0.1372961288327769
630,0.14088126071788265
678,0.14049957918930475
593,0.13768938820976911
609,0.1596207130404985
573,0.13709671168052115
575,0.13581869323805007
576,0.13593121883551088
577,0.1364152890172786
578,0.13654477633967527
579,0.13823226037741876
581,0.13530708799106256
582,0.13635181420939657
583,0.13661079705652784
584,0.13916377423165766
585,0.13526062327706076
588,0.1359312723669273
589,0.13698496284558243
592,0.13839001946795168
594,0.17051633153818505
595,0.1362274097198258
597,0.13702322507063228
598,0.1360471786911607
599,0.1364796222310192
600,0.13654479242272818
602,0.13526062327706076
603,0.13616652977392354
605,0.13616653863747036
607,0.13526062327706076
608,0.13526062327706076
611,0.13604718788577438
612,0.1359888358652722
613,0.13526062327706076
615,0.13654479799513544
616,0.1368603603132122
617,0.1372192352143248
618,0.13778768223609475
619,0.13728580896537435
621,0.13555223401112754
622,0.13587463592796603
623,0.13610649078271772
624,0.13526062327706076
625,0.1363519568421892
626,0.13593129151445013
627,0.13654477633967527
628,0.13581868518059872
631,0.1363706691340959
632,0.13641530919571818
633,0.13598881719414682
635,0.13678022751784735
636,0.13721891183246712
638,0.13526062327706076
639,0.14125632000523491
640,0.13647961350934462
642,0.13530708799106256
643,0.13654479242272818
644,0.13809744720642486
647,0.13622760407737472
648,0.13530708800246105
650,0.13641531011465594
653,0.1383747928431881
654,0.1383391662964665
655,0.13673997179994707
657,0.13615872291627945
658,0.13654477633967527
659,0.13654477633967527
660,0.1353544074253582
661,0.13654479242272818
662,0.13654478342824403
663,0.13689567395393187
664,0.13610645779920472
665,0.13616649270753908
667,0.15737979041665262
668,0.13526062327706076
670,0.13647960748192337
671,0.13992187208423618
672,0.13560381628974216
674,0.13526062327706076
675,0.13647962097540098
677,0.1370485628196151
679,0.1375470700375807
681,0.13647963518274972
682,0.1364817980457364
684,0.1362892944269146
685,0.13671389731029182
1967,0.17310538889629906
3437,0.4840771795556475
3454,0.12250521551765749
3487,0.1222254029071696
3723,0.12210935120248302
3861,0.12265316658500822
3961,0.12205281092538986
3980,0.08754767372999202
3989,0.0719083185157503
4011,0.07178574362207392
4031,0.07228076955461515
686,0.10226356963467449
687,0.010707395402392492
688,0.017377169791359056
689,0.0027869825031251465
690,0.0031843974714060447
691,0.0019916087568680086
692,0.0
693,0.00516967333660815
694,0.020881835237494685
695,0.01580684345565991
696,0.01188306529172405
697,0.06179351832115882
698,0.23456376029854836
699,0.00039868403560447494
700,0.0023893859416734436
701,0.007940653530906113
702,0.0027869825188365166
703,0.06063809455978318
704,0.0015936491260519089
705,0.0266985897876977
706,0.006753415826103404
707,0.0035816334210386617
708,0.05889088737690614
709,0.006358109708468314
710,0.002787428298175152
711,0.00754444291577092
712,0.004772251375821481
713,0.06547966367619006
714,0.00516875786331803
715,0.0035820742905483035
716,0.004376000926522824
717,0.0011955085104700522
718,0.011488688292056286
719,0.06387945228962913
720,0.0067539090470105975
721,0.0015941097239932608
722,0.005168754987533198
723,0.0043759984231184655
724,0.018153284194130443
725,0.0027869823958785673
726,0.013846964666787418
727,0.009913656009530075
728,0.01463647945468353
729,0.057641968804761495
730,0.005566504042164837
731,0.009914116475684248
732,0.005168758361245368
733,0.00278698386226502
734,0.008729646548948247
735,0.0016057680055196388
736,0.005168764884441827
737,0.005961672667506703
738,0.00951930737420314
739,0.011095590696922192
740,0.002786984123051522
741,0.0063576409859705686
742,0.004375561565801584
743,0.0007971868827224717
744,0.00039868403560447527
745,0.06283701744165181
746,0.0031843985925340992
747,0.06265678492416946
748,0.007149502499551563
749,0.0003986840356044749
750,0.0003986840356044751
751,0.004375998119625956
752,0.014631427381428952
753,0.05764116519182388
754,0.011489151765469328
755,0.007149501046462259
756,0.0035820749318310643
757,0.0011955088208683467
758,0.007544445813089303
759,0.0035820760420058576
760,0.011489630172405512
761,0.0027874279241493953
762,0.004772688052883483
763,0.005173870973098706
764,0.010701280169058806
765,0.005176121630704238
766,0.013454468522745198
767,0.0027869831406713546
768,0.005168765372747177
769,0.057764526436277226
770,0.010307380672956992
771,0.0055650962862077765
772,0.05798850847689496
773,0.013846974427039386
774,0.05975150214469004
775,0.0003986840356044749
776,0.057438829522883865
777,0.006753428958413691
778,0.005961673095772736
779,0.006753421483016639
780,0.013061757831370662
781,0.020103148508772532
782,0.00477675321212841
783,0.006753421313139424
784,0.0154152779385611
785,0.000797186882722472
786,0.0031843990288979917
787,0.011095076113907072
788,0.0011955086124481502
789,0.0047722500838174
790,0.0011955085731220135
791,0.002389385976817337
792,0.00872962482704401
793,0.007544451825114387
794,0.0051687530480590375
795,0.006752983992612541
796,0.002389386505131056
797,0.00991414620792495
798,0.05741273521634427
799,0.004375560831453954
800,0.05976070557519826
801,0.0
802,0.0015936488880259514
803,0.05821386035761687
804,0.057847730979425145
805,0.0641697492600075
806,0.005565090341127485
807,0.007550124259818445
808,0.0031843974641148957
809,0.00675341957850349
810,0.059232822115221684
811,0.05743670347488169
812,0.0027874279994924167
813,0.003581634419868702
814,0.009914131930256104
815,0.015029019890383554
816,0.0031843985746643866
817,0.009124325375595209
818,0.00596216770608235
819,0.059754084427485324
820,0.014632036557102457
821,0.00318439807984314
822,0.005565093903491364
823,0.06236947241471524
824,0.022436970122852756
825,0.05730959174969225
826,0.0039791277208529666
827,0.017372011446457027
828,0.06670356492604268
829,0.013061364877570666
830,0.06229590028149552
831,0.0055655293308700705
832,0.0011959839369837324
833,0.005565098993408869
834,0.01658945691833577
835,0.00754492239298661
836,0.004375558684469801
837,0.004772690667977759
838,0.00834033902290217
839,0.0055650880220271025
840,0.05871049227955248
841,0.0003986840356044749
842,0.014239316285726417
843,0.004773166216044704
844,0.005169672069946184
845,0.008729621471878068
846,0.001992061305625871
847,0.010307300072306198
848,0.007940183849223119
849,0.01149418416203826
850,0.0035816371056227605
851,0.0011959838613388452
852,0.0011955085104700522
853,0.016980558868038544
854,0.0007971868827224728
855,0.0011955085104700522
856,0.05992857319331015
890,0.05556604472021135
857,0.11422411065920829
858,0.054840701040697715
859,0.05474333396294474
860,0.22043294908723107
861,0.055241478417541845
862,0.15488976321922956
863,0.05529181995270628
864,0.054976872408874645
865,0.08290470873549928
866,0.05484070756319957
867,0.05496119962157619
868,0.08290470873549928
869,0.055446594104592004
870,0.05491847911170138
871,0.05502066413787517
872,0.05491846492662467
873,0.05487829931435057
874,0.05491846492662467
875,0.05471602943690581
876,0.05529181995270628
877,0.054805672129729255
878,0.05524147740762812
879,0.0548783079272646
880,0.05637819952880056
881,0.05491847382685163
882,0.0551484175434082
883,0.05471602943690581
884,0.05480567420932967
885,0.05500651312502932
886,0.05501223447784523
887,0.05487829931435057
888,0.055193669983652785
889,0.05540013214274346
891,0.05471602943690581
892,0.05471602943690581
893,0.05494183288985106
894,0.05480567379340643
895,0.05487830584343333
3456,0.14895375210011605
3495,0.14943436182464215
3586,0.09562143190710878
3621,0.09325252598213302
3626,0.0931106857330966
3797,0.14815439722172735
3501,0.14873501909436296
3517,0.09355283812767984
3550,0.14640183637109522
3577,0.1489370966865547
3592,0.14609771493346455
3609,0.14686907827127457
3633,0.15024260806816178
3677,0.1488377689955191
3684,0.15049467049722118
3721,0.14713616262779605
3779,0.09367125901306839
3872,0.14609835288243592
3948,0.1496433959190982
2678,0.15316756088499092
2760,0.15317806906101322
2822,0.15729400406247485
2883,0.15820109768594978
2941,0.1527898845276761
2968,0.15773583500336094
3005,0.15539148128734354
3057,0.1534333887162141
3136,0.15642089848817342
3164,0.1535093996497636
3222,0.15756607426776117
3245,0.1579011598847919
3248,0.15819942673864262
3263,0.16145701011488642
3278,0.15850185123240648
3328,0.1529777507793374
3361,0.1572949907710451
3440,0.14683501394963272
3525,0.14757871711471493
3540,0.1473831146311301
3556,0.1459778931922209
3561,0.14621585508311857
3651,0.14722695839936026
3674,0.1477425569153966
3692,0.14766059884713034
3741,0.14623915635399617
3750,0.14701879005392823
3756,0.14992257217528912
3830,0.15624228428916687
3851,0.1495995908657919
3877,0.14932786864756137
3886,0.147010689969329
3943,0.14671290449401872
3962,0.1477713106900405
2677,0.15612507391823566
2826,0.15627207546664051
2724,0.15786878542645788
2752,0.15300560206722374
2775,0.15424348956333875
2869,0.16236663894440437
2892,0.15438405417420387
2962,0.15371518948051227
3001,0.15482045448775344
3019,0.1585217447923354
3100,0.1592344527733446
3162,0.15663586715345065
3168,0.15650485812714587
3233,0.15718983042611423
3295,0.15568485661820433
3304,0.15482472081923146
3331,0.15489903130912555
3366,0.1570954615765402
3404,0.15365301243879204
3406,0.15787107618003562
3412,0.1556026815720009
2813,0.15414283944746474
2971,0.1524566441919481
3034,0.1550532500647295
3178,0.15371961541326365
3410,0.15313859266226076
3420,0.15358455113119
2976,0.15530880379825274
3011,0.15538939874932675
3179,0.15722625570061094
3289,0.15753128524419685
1920,0.15869040433183698
1941,0.1887871594169596
1948,0.15666068681658654
1959,0.157293714881242
2028,0.15637891981687238
2047,0.17116890416563427
2053,0.15657947830719024
2065,0.14677071742778833
2087,0.16360593877609161
2125,0.1583669495561413
2132,0.15484754862508826
2134,0.1528031459942753
2148,0.15443879671491864
2149,0.1593039653054958
2169,0.15671985207049988
2191,0.15322991966649127
2194,0.15577381385843403
2196,0.1569088709794995
2198,0.15067578022574044
2239,0.14979773261490986
2266,0.21119085017883832
2282,0.16322090861423855
2285,0.14969137291666423
2293,0.14970910289528763
2315,0.15151035155042736
2328,0.16528638505302704
2332,0.1549826201856928
2333,0.16430484585683444
2338,0.15579619398129968
2347,0.2173585616350102
2351,0.1559469386182995
2368,0.1531276017061578
2372,0.15521095527568032
2385,0.14992848477653592
2399,0.15220348778656803
2420,0.15247181419816144
2496,0.14631895517314317
2501,0.15142608875551322
2509,0.16012882878978119
2512,0.15678185350887724
2516,0.15316440885814725
2530,0.14695087812481825
2542,0.19998514936437634
2555,0.16039517378295803
2567,0.15686949095561006
2592,0.15799129173582535
2597,0.15537896668747492
2608,0.15442258587658092
2642,0.1592329990433971
2725,0.15319005882655654
2734,0.15409967409850484
2764,0.15900663722453198
2964,0.15388624437580867
3020,0.15930640151784922
3062,0.1545217723388273
3079,0.1550464797952526
3165,0.15323813949467585
3205,0.15362301258117111
3258,0.16010497841478977
3386,0.15611524227105147
3409,0.15345010047413385
2693,0.15749299850848036
2979,0.15762471812590692
3101,0.16746492174537325
3265,0.15947251472525673
3385,0.16009275271324755
1913,0.146617195246802
1916,0.15289774047661023
1940,0.15458121877376285
1947,0.1579914783935794
1954,0.15461111088991225
1994,0.150441561608631
2002,0.15261605972474887
2010,0.15350023098509602
2026,0.1546306854471893
2052,0.1562100469031124
2062,0.1518249038387586
2101,0.15099694710400405
2137,0.1492186461678249
2144,0.15287095321850644
2151,0.15379437897888676
2163,0.14751735532542257
2176,0.15757627824445555
2215,0.14982260561046437
2241,0.1578918958556952
2246,0.15483039610334054
2273,0.15323975255941577
2294,0.1582003070025653
2295,0.14690814187174597
2298,0.14651231362581355
2343,0.15296377953007148
2344,0.15812576963613378
2355,0.14740606412598267
2377,0.1535812322029277
2389,0.14722922220779333
2394,0.1547654992458312
2413,0.1464918058940897
2419,0.1565135644879321
2465,0.14996430335007616
2468,0.18728256102011512
2519,0.14777278127935978
2544,0.14742711565051697
2582,0.15554776334556908
2588,0.154306995508609
2594,0.1536812019941749
2605,0.14654350281872378
2609,0.14899131128617943
2616,0.15539838352770372
2903,0.15256886652983703
2938,0.153285840191348
2999,0.15396297836424733
3201,0.15970553499606602
3319,0.15368288479061956
3355,0.15587171200199013
3097,0.15497226318555096
2707,0.15717445007633177
3111,0.15992362490545026
3186,0.15768984868668764
2661,0.16025327911838372
2662,0.1542170747767315
2663,0.15342251009982505
2664,0.15844704384173053
2665,0.15526716558436268
2666,0.15624271419836128
2667,0.15302628344455182
2668,0.15399316831813398
2669,0.16001687731152436
2670,0.15296204951852893
2671,0.15220151784253963
2672,0.15421599114114454
2673,0.15363003417756357
2674,0.1571055942157628
2675,0.15429313148069576
2676,0.15844752952822272
2679,0.15955630954972344
2680,0.15552251393195993
2681,0.1548466158805461
2682,0.15277579181721349
2683,0.15792032405764378
2684,0.15356003596798412
2685,0.15253746685177855
2686,0.15328748466317887
2687,0.15308981733336002
2688,0.15247980049403734
2689,0.15681158820380586
2690,0.15377421474714487
2691,0.15204341839988073
2692,0.1521480954255107
2694,0.1595573079656596
2695,0.15247953778082204
2696,0.15296263115012676
2697,0.15277597489172798
2698,0.15700639719263743
2699,0.15259580455450406
2700,0.15271569345540276
2701,0.15342191273027259
2702,0.15328780888450114
2703,0.15289916561263825
2705,0.15349056131003996
2706,0.1568125470600487
2708,0.15399070988497854
2709,0.1525375959987479
2710,0.15259597374462314
2711,0.1537738080259581
2712,0.15476571534690542
2713,0.15377312079727481
2714,0.15204342972581686
2715,0.15384587823469234
2716,0.15979407873857696
2717,0.1556095775948009
2718,0.15421763846048087
2719,0.16037223636750475
2720,0.15518013239942108
2721,0.15220151784253963
2722,0.1520434184909452
2723,0.15253748244182813
2726,0.15283726993173163
2727,0.1525961359218661
2728,0.15429316148095942
2729,0.1564323360650481
2730,0.1591213433391574
2731,0.15362996734152362
2732,0.15231054915649453
2733,0.15328709623619996
2735,0.15296280867318474
2736,0.1521480920450399
2737,0.15309028725372784
2738,0.1584520874842063
2739,0.15377353247115733
2741,0.15587795754365005
2742,0.1623492499846846
2743,0.15534969315464464
2744,0.1527771324773838
2745,0.15391809829086436
2746,0.15271497461213945
2747,0.15259593090296375
2748,0.1576132958433275
2749,0.15552267664776362
2750,0.15866314091224398
2751,0.15406652699638085
2753,0.15543600879584601
2754,0.1631319629501798
2755,0.1591037732721887
2756,0.15484667978636105
2757,0.15844735569867846
2758,0.15493168193335952
2759,0.15315601954959182
2761,0.1535599915706911
2762,0.1530904519174422
2763,0.15643066669664016
2765,0.15501126230289264
2766,0.15259595538970303
2767,0.15220151781059357
2768,0.1535609408570621
2769,0.15253742914245325
2770,0.15452517438964067
2771,0.15265515100745397
2772,0.15399330730783534
2773,0.15587712988679334
2774,0.15220152231225834
2776,0.1522015379625518
2777,0.15844743044992735
2778,0.15978894797155133
2779,0.1529620232241731
2780,0.1560647950118309
2781,0.15671942778949335
2782,0.16013387176092436
2783,0.15391839448575037
2784,0.15356139489982393
2785,0.15476774700892554
2786,0.16060848715951717
2787,0.15518227840161533
2788,0.15199217131575757
2789,0.1529623868472559
2790,0.15236626744606369
2791,0.15253764880508738
2792,0.15204341839988073
2793,0.16025390590414412
2794,0.15296201466857948
2795,0.15328821326342013
2796,0.15615087723325463
2797,0.1534907052371931
2798,0.15204342028831502
2799,0.15231054844148478
2800,0.15834005118106484
2801,0.15242250659444645
2802,0.15242252691115335
2803,0.15315579109071012
2804,0.1523662551448312
2805,0.15231069487729818
2806,0.15526550098383587
2807,0.1531554432911703
2808,0.1520434184100042
2809,0.15296234512220985
2810,0.15596868899020155
2811,0.152255732198214
2812,0.15335593378911688
2815,0.1558768050847781
2816,0.15247958233422879
2817,0.1521480919599664
2818,0.15277638999498666
2819,0.15328786702478028
2820,0.15271529528824074
2821,0.1525959399606912
2823,0.15429208176669795
2824,0.15220151784253963
2825,0.1534158129945461
2827,0.1576079776559012
2828,0.1579180588110087
2829,0.15355999359387967
2830,0.1531550472160911
2831,0.15289952466917572
2832,0.15370198922931103
2833,0.15834088288674167
2834,0.15236622653118806
2835,0.15476522300934714
2836,0.15377418913704013
2837,0.15265515992320944
2839,0.16517608061069514
2840,0.15391796356117463
2841,0.153774370727173
2842,0.1519416510872296
2843,0.15363018985236923
2844,0.1536309671986263
2845,0.15342248239926598
2846,0.1534906758011317
2847,0.15253765963694793
2848,0.1530908685354815
2849,0.1582335663891437
2850,0.15391697851428315
2851,0.15315518283018195
2852,0.15247953023645053
2853,0.15633583472748191
2854,0.15414074458332527
2855,0.15209539208239017
2856,0.15289975947070875
2857,0.15199217131621148
2858,0.15283764871732347
2859,0.15302597483349362
2860,0.1520434184814181
2861,0.15247963387297528
2862,0.1572043146423757
2863,0.1608632031793059
2864,0.15760811144137526
2865,0.15437166433843885
2866,0.1579180467537453
2867,0.15812796523786835
2868,0.15309073497650866
2870,0.1531555491444264
2871,0.15460649501228052
2872,0.1577103983735817
2873,0.15740527159834664
2874,0.15501159402363393
2875,0.1554368643437048
2876,0.1526552061359946
2877,0.1608493446161342
2878,0.15247971066619634
2879,0.15277563641937061
2880,0.15671501678105815
2881,0.15485044103252293
2882,0.15242268649446672
2884,0.15220157884348184
2886,0.15242252836285194
2887,0.1544472156079244
2888,0.15271507142642807
2889,0.1529624484824196
2890,0.15899490227176402
2891,0.15315486214802396
2893,0.15231071089921683
2894,0.1562451063940109
2895,0.15236625725250988
2896,0.15526418107903664
2897,0.1556099109546602
2898,0.15231055452818
2899,0.15220151942240479
2900,0.15247953880724766
2901,0.15781960244324195
2902,0.15225566924907435
2904,0.15731089432979278
2905,0.15750594799373566
2906,0.15944103865322337
2907,0.15384419728521828
2908,0.1534904492142468
2909,0.1578149512609246
2910,0.15844753119584892
2911,0.15700626145525204
2912,0.15624234966926973
2913,0.15760942633882655
2914,0.1545275330153171
2915,0.15933047391600397
2916,0.1588823826898511
2917,0.1528991483713235
2918,0.15302569232742372
2919,0.15710583303601702
2920,0.1575069950586803
2921,0.15444918926993162
2922,0.1520434184011242
2923,0.15277630749668444
2924,0.15444722643435396
2925,0.15802265161510684
2926,0.1524225535674812
2927,0.15944212575526207
2928,0.15877434390040246
2929,0.15509490717729152
2930,0.15231054915649453
2931,0.15552307846421706
2932,0.15444818780656658
2933,0.15265520371492405
2934,0.15302615803894506
2935,0.15253741575700197
2936,0.1561524704187551
2937,0.15643057978313607
2939,0.15700684186304095
2940,0.15652399765037253
2942,0.1524226072970696
2943,0.1583410650256862
2944,0.1610943087295813
2945,0.15561024676011515
2946,0.15606637467652912
2947,0.1528370897839931
2948,0.15308999574650867
2949,0.15302623579332827
2950,0.1550975455532959
2951,0.16062664755948255
2952,0.15204342965810133
2953,0.1539905658201879
2954,0.15259607426085536
2955,0.1547675055165872
2956,0.15990046980282482
2957,0.15265546025165685
2958,0.15460787679309218
2959,0.15283706011183698
2960,0.15944177434757764
2961,0.1524796757593572
2963,0.15209539806688957
2965,0.15283745583309524
2966,0.16121531229133157
2967,0.15315497322503052
2969,0.15720438068753328
2970,0.15476495525000133
2972,0.1528370525612143
2973,0.15740605442928052
2974,0.15605827812695575
2975,0.1520434296457713
2977,0.1539169775341443
2978,0.15335473949835846
2980,0.15214809208988322
2981,0.15322072032578332
2982,0.15271496524515238
2983,0.15283728190436993
2984,0.15328754092409377
2985,0.1561497275244934
2986,0.16036882670171204
2987,0.15349061822354826
2988,0.15642995393660225
2989,0.1559691996720453
2990,0.15259586676143022
2991,0.15624244288125275
2992,0.15730703991103429
2993,0.15578751532973945
2994,0.15661964806339942
2995,0.15271538327035064
2996,0.15437138293770014
2997,0.15265531663659251
2998,0.1520434259074965
3000,0.15932892786756292
3002,0.15731302322088772
3004,0.15552242412801123
3006,0.15199217133200063
3007,0.15328759751209728
3008,0.15277563063495592
3009,0.15296243699793102
3010,0.1538455401970933
3012,0.15247957124288056
3013,0.1532870672992812
3014,0.15468464907642618
3015,0.1524226634854808
3016,0.1536308544240386
3017,0.15711010976578005
3018,0.15370178476152854
3021,0.15526348820770866
3022,0.158127292584539
3023,0.154065062962935
3024,0.15265534764485286
3025,0.1556112222968742
3026,0.15990232153275527
3027,0.15672127013934767
3028,0.15253752654727254
3029,0.1554354809201795
3030,0.15231055854630324
3031,0.1519416510872296
3032,0.15315498011093323
3033,0.15899326399508687
3035,0.15921865512921812
3036,0.15429279046942956
3037,0.15204341839988073
3038,0.15899842349735427
3039,0.1531548055968098
3040,0.1553489646671944
3041,0.15349116293215959
3042,0.15302596021819329
3043,0.15283749389733847
3044,0.15220154789725673
3045,0.1523106670413232
3046,0.15421697135022444
3047,0.15526343153383507
3048,0.1527152875646552
3049,0.15771203958911417
3050,0.15277597013920072
3051,0.16049533686982126
3052,0.1552649714637643
3053,0.152422502584591
3054,0.15844831748828508
3055,0.15220152231225834
3056,0.15791800378894702
3058,0.15271496666171086
3059,0.15214809196475854
3060,0.15792026633826747
3061,0.15265526128658194
3063,0.1524795479034996
3064,0.15652366095427164
3065,0.15552231478838946
3066,0.15265522609104787
3067,0.15259621844372084
3068,0.15277578654102367
3069,0.15277598860514593
3070,0.15633572657444594
3071,0.1519416510872296
3072,0.15493402528546737
3073,0.1563363141467838
3074,0.15220152231225834
3075,0.1532214072100878
3076,0.15877725641595383
3077,0.1557048277374964
3078,0.1602508486748397
3080,0.15356054427421428
3081,0.15335566068555698
3082,0.1623493596051859
3083,0.15242252201365505
3084,0.1577141319007966
3085,0.15543558380083877
3086,0.15421654851851135
3087,0.15535301829909468
3088,0.15242262990023284
3089,0.15543802138223695
3090,0.16134578123265184
3091,0.15220151784253963
3092,0.15247956044956892
3093,0.152775861730239
3094,0.15225567389043815
3095,0.1527153092875328
3096,0.15771017769161366
3098,0.1566193406221608
3099,0.15242255303505362
3102,0.15517857080697828
3103,0.15302589370919048
3104,0.15845011800826223
3105,0.15253763932241507
3106,0.15633619932689638
3107,0.15535469734911544
3108,0.15642903959796964
3109,0.15289931267544307
3110,0.15283745871872303
3112,0.15253731511709487
3113,0.15691066962543385
3114,0.15492988632707905
3115,0.15624427086334583
3116,0.16073141645923575
3117,0.15643761954791235
3118,0.15476749404350057
3119,0.1570078677149168
3120,0.1572045502694443
3121,0.15209541456381526
3122,0.15236615281939012
3123,0.15391722555612355
3124,0.15370251012398142
3125,0.1519921713256016
3126,0.1523105491605172
3127,0.15220152231225834
3128,0.15242250727307108
3129,0.15406546284763295
3130,0.15259590819632918
3131,0.15231054915649453
3132,0.1585551882469761
3133,0.15242256061537612
3134,0.15199217131906914
3135,0.15406500334246168
3137,0.15518075922394023
3138,0.15296246728241458
3139,0.1530901978621865
3140,0.15721274704681398
3141,0.1524796211217628
3142,0.15578713805650535
3143,0.15209539580665896
3144,0.15277619761572814
3145,0.1570087484116931
3146,0.1562437378086685
3147,0.1521480919599664
3148,0.153701541760471
3149,0.15671512243049154
3150,0.15910895219644902
3151,0.15265526451208822
3152,0.1586682474952332
3153,0.15247971654463885
3154,0.15934268649616426
3155,0.15253750106541555
3156,0.15259593764651366
3157,0.15271544454466907
3158,0.15543593262433686
3159,0.15225573927507285
3160,0.15370106224600566
3161,0.15220158888515573
3163,0.15322055590329
3166,0.15429218629696026
3167,0.15283724467991552
3169,0.1562422940611653
3170,0.15335428373224494
3171,0.15296268300761715
3172,0.15730589180082666
3174,0.15750575717796508
3175,0.1522015192395589
3176,0.1534913406226189
3177,0.15452780146464246
3180,0.15231054915649453
3181,0.15231054915649453
3182,0.15691020994268937
3183,0.1519416510872296
3184,0.15624351140270937
3185,0.15813238495207332
3187,0.15399184749326683
3188,0.15535117273027352
3189,0.15296222182809432
3190,0.15253747008033758
3191,0.1544486073454821
3192,0.15277577400869308
3193,0.15349089510689434
3194,0.15283710694299057
3195,0.15730457114641214
3196,0.15444894065437068
3197,0.15231061368694304
3198,0.15878031640369022
3199,0.15315520354404685
3200,0.1524796544770147
3202,0.1524795499480013
3203,0.15377327260095774
3204,0.15501276707611517
3206,0.1553494098415532
3207,0.154526426840069
3208,0.15271545688427698
3209,0.1532870032508492
3210,0.15265526877118024
3211,0.15335558654719966
3212,0.15406552896195144
3213,0.15414025510295606
3214,0.15643791969611034
3215,0.15335509054340993
3216,0.15225573464504635
3217,0.15220155294320045
3218,0.15236615281939012
3219,0.15437046156440856
3220,0.15561014111093072
3221,0.15342326228003436
3223,0.15322123541546126
3224,0.1556999953266127
3225,0.15356059352255563
3226,0.15802235335242582
3227,0.15214814514189823
3228,0.15413991375754846
3229,0.15265513978010423
3230,0.1519416510872296
3231,0.15356062077389274
3232,0.1609701833268304
3234,0.15391741180165788
3235,0.15231057860515876
3236,0.15309024830919998
3237,0.15356024967022247
3238,0.154525392635505
3239,0.15633562966495262
3240,0.15671784381958553
3241,0.15296204358306895
3242,0.1527154546175851
3243,0.1534904963945403
3244,0.15265522615985136
3246,0.1526552191775803
3247,0.156714680287
3249,0.15265527203881496
3250,0.1539904103930866
3251,0.15236622974750838
3252,0.15877327687850962
3253,0.15535301343414218
3254,0.15253758951344473
3255,0.15384563202003132
3256,0.15643806318289125
3257,0.1546050631048755
3259,0.15377341105089165
3260,0.15356034622237655
3261,0.1556112323459557
3262,0.15328692449225087
3264,0.15377238600921156
3266,0.1523105489737366
3267,0.1573059572797678
3268,0.15199217131553155
3269,0.15236628414523998
3270,0.1522015224463953
3271,0.15214812573871314
3272,0.15476697505525294
3273,0.15342250346377326
3274,0.15643615522040807
3275,0.1536320187684072
3276,0.15302630481840696
3277,0.15720571377584086
3279,0.15335573742274325
3280,0.16122257672591722
3281,0.1525373083324641
3282,0.15199217132896573
3283,0.15277565062648454
3284,0.15710465307181845
3285,0.15349089466929658
3286,0.15322073700320019
3287,0.15509670353595878
3288,0.15509630893995346
3291,0.16274306519180656
3292,0.15253761857950507
3293,0.1561504492539328
3294,0.15322094433991362
3296,0.1545273226696082
3297,0.15642939752983098
3298,0.15484802203877815
3299,0.1561531223184505
3300,0.1528994409025135
3301,0.1544472125591384
3302,0.15682248597467263
3303,0.15414114325107614
3305,0.15214811395866543
3306,0.15315530928385157
3307,0.15296262474946629
3308,0.15236616128477062
3309,0.15289931686694025
3310,0.1521480976816737
3311,0.1524795272646277
3312,0.15283725823528385
3313,0.15384546623842732
3314,0.15277566179504662
3315,0.15265506983089835
3316,0.1543692830061341
3317,0.1522556692612561
3318,0.15302573593402033
3320,0.16197008451069564
3321,0.15700960666400302
3322,0.1523105491605172
3323,0.1522556994783584
3324,0.158886707688526
3325,0.1529621814407146
3326,0.15277617754848977
3327,0.15526998693654992
3329,0.15296265142793294
3330,0.15956233550958424
3332,0.15633661536732701
3333,0.15225569820015478
3334,0.1523661600478944
3335,0.15662259865315875
3336,0.15225566925225595
3337,0.15328738163667943
3338,0.15236616987813065
3339,0.1574047908043513
3340,0.15277619128280126
3341,0.15377360982835492
3342,0.15691487799968976
3343,0.15265548733210527
3344,0.15771161083829244
3345,0.15662231302761187
3346,0.15406666269347785
3347,0.1577127474834564
3348,0.1585550552520563
3349,0.152537453239461
3350,0.15834388239159397
3351,0.15855590881783962
3352,0.15259579988604652
3353,0.15634017598005928
3354,0.15236615281939012
3356,0.15302559799222373
3357,0.1527152181099553
3358,0.1524796642684494
3359,0.15289943293082278
3360,0.15751195260744633
3362,0.15760940673522997
3363,0.16434190215354344
3364,0.15517890453675204
3365,0.15493230794138196
3367,0.15247953059077282
3368,0.1523661577412294
3369,0.1546871037887438
3370,0.1522015262352783
3371,0.15271498861953794
3372,0.15225566924907435
3373,0.15283765218076334
3374,0.15277608685052974
3375,0.15204342410704513
3376,0.1523105459425386
3377,0.1537725074323158
3378,0.15615120556072337
3379,0.1533544370775313
3380,0.15309024695366352
3381,0.15561009870926956
3382,0.1528370290400051
3383,0.15283756503929785
3384,0.1551788899607567
3387,0.16001692746363633
3388,0.15242254909972647
3389,0.15225568287100827
3390,0.15335442907502822
3391,0.1555222403732282
3392,0.15283725646185245
3393,0.1529626441518795
3394,0.15377298408502288
3395,0.15429355079301246
3396,0.15771372382915608
3397,0.16222778807415328
3398,0.15231055634644847
3399,0.1542155053637398
3400,0.154065472621234
3401,0.1523105459425386
3402,0.15271521295353918
3403,0.15543864235330873
3405,0.15259612419680108
3407,0.15199217131553155
3408,0.15199217131974094
3411,0.15633987326233315
3413,0.15204341840222815
3414,0.15289917521294646
3415,0.15363112042091825
3416,0.15552239874294613
3417,0.15910470356790812
3418,0.15242256945180105
3419,0.15643052976673544
3421,0.1530259115729907
3422,0.15444778946156512
3423,0.1527756467199487
3424,0.15225567215601551
3425,0.15242257247186122
3426,0.161968261166421
3427,0.15236616987813065
3428,0.15231061829677714
3429,0.15214809761945464
3430,0.15309015533398368
3431,0.15322173796652955
3432,0.15258904657715483
3433,0.1566192460414309
3434,0.16121668730604616
3435,0.15517901463897243
3436,0.15225569038730138
2003,0.14910526520231723
2031,0.14955061695337118
2155,0.14851644411283632
2185,0.14679764833709766
2325,0.15213077183888235
2330,0.14912296922825963
1914,0.12464693044633182
1915,0.12211981875437591
1917,0.1827404482611061
1918,0.17054429823435854
1919,0.1253774791302006
1921,0.12406261230052196
1922,0.1223385104116428
1923,0.12550582551171185
1924,0.1218701630008053
1925,0.1551727676282829
1927,0.12537624320553445
1928,0.12282507558561512
1929,0.1672560828111841
1930,0.12223059881388393
1931,0.12397975050657967
1933,0.12211992282454973
1934,0.12217359877255655
1935,0.12491383307422975
1936,0.1227606308474459
1937,0.12177512624683215
1938,0.18278537092705963
1942,0.12524878051675326
1943,0.18342522581726298
1944,0.12323845941901691
1946,0.18336373374973455
1949,0.12196628181598432
1950,0.122173353784197
1952,0.12247966269956609
1953,0.15511749102147032
1956,0.12196613753260122
1957,0.12397811996444925
1958,0.12359078717590252
1960,0.12430554771245507
1961,0.12191822525944976
1962,0.18215323775654416
1963,0.14043393439267432
1964,0.13010443873747723
1965,0.12263880332027616
1966,0.1735522859521147
1968,0.12366899878078912
1969,0.12177906736233508
1970,0.12720175572466141
1971,0.17683859563349547
1974,0.12191821966821807
1975,0.12374580429050967
1977,0.12201739271873775
1978,0.12234012863684103
1979,0.17614370011636726
1980,0.1255682264734622
1981,0.12544337863500263
1982,0.12263779880456341
1983,0.18460413969538356
1984,0.17769386466522943
1985,0.19035110135534855
1986,0.16591527996763777
1987,0.12380961640734399
1988,0.12289401561641142
1989,0.14067491518787448
1990,0.12263559020948403
1992,0.12233930251090934
1993,0.1876108076587201
1996,0.12177544271546653
1997,0.1601722725321953
1999,0.12359265008410182
2000,0.12351696299530841
2005,0.16831663720600398
2006,0.12509547433855975
2008,0.12191754407098998
2011,0.12405932726700986
2012,0.12233930767773278
2013,0.12201682860360581
2014,0.12206792717771522
2015,0.12182140220879048
2016,0.12251358972481134
2017,0.12191702601565041
2019,0.12272098245131552
2020,0.1702303082249397
2021,0.1252372430170369
2022,0.12491528076181872
2023,0.12295600649869216
2025,0.1232980741620225
2029,0.12361542868801648
2030,0.18221150650679593
2033,0.17563642594798332
2034,0.12196619650359095
2035,0.12329855636682044
2036,0.12270432301436453
2037,0.17248922136486391
2040,0.16492425026850632
2041,0.12196654161657786
2043,0.1762381424407548
2044,0.1235789569839222
2045,0.17718191724892718
2046,0.1556918657010533
2048,0.1225242160442382
2049,0.12382212719666189
2050,0.12282335742978637
2051,0.12201678362131542
2055,0.13557452182179808
2056,0.14720070617478925
2057,0.12433963069785534
2058,0.13540186001624696
2059,0.1849631341121713
2060,0.14626735531554272
2061,0.12473569952758234
2063,0.1616719783100552
2064,0.18132639155494568
2066,0.12202120789510251
2067,0.12417305573302938
2069,0.17220876233548446
2070,0.12222736323241579
2073,0.18541154447510994
2074,0.17200898245124766
2075,0.12480009399064138
2076,0.1224547627469798
2077,0.1566237077438526
2078,0.18822707126671195
2079,0.12164222457539911
2080,0.12201855996961133
2082,0.12251409754302184
2083,0.16476305538741703
2084,0.15873592077422266
2085,0.12330588923379822
2086,0.16050232266363376
2088,0.1860302847928205
2089,0.12282316241859231
2090,0.1835433807046181
2091,0.12359131192584134
2092,0.12564974136978352
2093,0.17762854608227702
2094,0.12191682743063972
2095,0.1675489324508514
2096,0.12271391256920738
2097,0.12389850645156017
2098,0.15226715371103264
2099,0.12242074592566976
2100,0.12186897801559446
2103,0.17991660305804455
2104,0.1797522683339527
2105,0.12211993534714952
2106,0.12177508600798027
2107,0.12382460944068278
2108,0.17329342150873134
2109,0.16006701004802915
2110,0.12437548951515491
2112,0.1699698245565327
2113,0.12206784622510487
2114,0.12233961480649423
2115,0.16046176730645903
2118,0.1826862339003152
2119,0.12233899741496179
2120,0.12282322382857182
2121,0.17010898539035005
2122,0.16465959110820355
2123,0.18771593456471403
2124,0.17460857451374773
2126,0.1252893988810987
2129,0.12389869800551451
2130,0.12212028956385872
2131,0.18577319701163306
2136,0.13603189766025167
2139,0.17871629252762583
2140,0.1754693069191331
2141,0.12289820064817762
2142,0.19095198430539578
2145,0.12432196117738861
2146,0.12288805804839535
2147,0.12576914930532063
2150,0.18334901624296657
2152,0.12251314822986165
2154,0.1703910701078944
2156,0.12308882154084566
2158,0.12206778695530325
2159,0.12473584287367587
2160,0.12288808184300969
2161,0.1284168055489772
2162,0.12233973013303588
2164,0.14184606108071898
2165,0.15655125776056614
2166,0.12201786237006403
2167,0.12182135012591196
2168,0.12172981033142108
2170,0.12251423546434144
2172,0.18329834812188425
2173,0.12329983775385213
2175,0.1219724088613141
2177,0.12213105092417438
2178,0.12172983620496272
2179,0.14332124954406475
2181,0.12245378951382578
2182,0.12196812732965283
2184,0.18079929806953537
2186,0.12251937032847313
2188,0.18426965582097415
2190,0.17407120513708446
2192,0.12414042969955448
2193,0.12228417132264702
2195,0.12164222457539911
2197,0.12275996445976949
2200,0.17498120621166308
2201,0.18349674873907476
2202,0.12482441139515613
2204,0.12177508472050398
2205,0.1222887699719562
2206,0.19062469506704444
2207,0.12281613200691442
2208,0.12302918695088706
2209,0.12376089909568277
2210,0.14405213154251775
2211,0.1253101439116998
2212,0.16239918161021286
2213,0.1465606543519802
2214,0.12312286962161623
2216,0.15908216464393582
2217,0.12222749418226982
2218,0.18839578452736688
2219,0.12182260023235178
2220,0.1853343474219315
2221,0.1241727009712661
2222,0.12459630542238563
2226,0.12506874369880092
2227,0.12191735739872077
2228,0.12344499091624356
2229,0.187829985835778
2230,0.12182342403514718
2231,0.12374599144164193
2232,0.12712473093536228
2233,0.19186029032618956
2234,0.1236921847158556
2235,0.12698047353754857
2236,0.12382068670882987
2237,0.1552082850457502
2238,0.122227285549699
2240,0.18693824855228067
2242,0.1241496664018414
2243,0.12587038882222162
2244,0.1870044308206687
2245,0.12191682915182706
2248,0.1225144271137955
2249,0.12259689431151549
2251,0.12201681120101505
2252,0.12207883021096931
2253,0.168967717676207
2255,0.12206791721398738
2256,0.12191882720257836
2257,0.16735342085898128
2258,0.12889954056456138
2259,0.12554476956576785
2260,0.12263533632506947
2261,0.15751457672487273
2262,0.12239275400591372
2263,0.12191720844377735
2265,0.1221211847584101
2269,0.12164222457539911
2270,0.12234107890641613
2271,0.1791036422408655
2272,0.12325129700404819
2274,0.12369992109055213
2275,0.18134660301357977
2276,0.16760671929084534
2277,0.12239852623609784
2278,0.17496515389655845
2280,0.12585918852633565
2281,0.12201626639616471
2286,0.12288951914585075
2287,0.13443544078988268
2288,0.12291262969801973
2290,0.18129641418698705
2291,0.1224813766353963
2296,0.12360541067070287
2297,0.12389933550911593
2299,0.1684035408377151
2300,0.15006085482048792
2301,0.12206758621791411
2303,0.12399919381304704
2304,0.1265580731353955
2305,0.12241341567030818
2306,0.15120696744273243
2307,0.162894562404253
2308,0.16935049469616512
2309,0.1858423092645863
2310,0.12283726758742868
2311,0.1291022497506276
2312,0.12240402611806749
2313,0.1287030290004185
2314,0.12257452793755198
2316,0.12206920842274989
2317,0.12374484239011095
2318,0.1238345810789384
2320,0.12239639783931917
2321,0.12191728694489613
2322,0.12457620830710862
2323,0.17984660380694736
2324,0.18413827687742365
2326,0.17915959074103932
2329,0.15507953533528157
2331,0.18249544327822356
2334,0.15903696257755187
2335,0.12359277796052033
2339,0.17843970939767673
2340,0.18647897715901773
2341,0.12302102212631305
2342,0.12315986563011075
2345,0.12520639363695704
2346,0.12374282949900421
2348,0.16690749767760354
2349,0.12251386767545891
2350,0.12394386707886998
2352,0.1740671332548208
2353,0.14014520999881921
2354,0.17795349795988968
2356,0.17664613015860167
2357,0.12222748134202856
2358,0.12187072651951256
2359,0.1657326185711235
2360,0.12217314904345385
2361,0.1244786780262789
2362,0.12296324677313107
2363,0.1741076468639091
2365,0.12537745236634207
2366,0.12376203662223363
2367,0.12498029974792069
2369,0.18533142334270136
2370,0.17025752279210493
2371,0.12374492406364747
2373,0.12217313041093501
2374,0.17470571463681633
2375,0.12186897391927759
2376,0.1772003289550092
2379,0.12379088623127768
2380,0.12173020767633236
2381,0.17749963905643104
2382,0.12168552910588856
2383,0.12360130342382222
2386,0.16234316767025123
2387,0.12684569266852974
2388,0.12186904130722848
2390,0.12489515051382422
2391,0.133086257349321
2392,0.1423846750354606
2393,0.12418104886780322
2395,0.17804657437115146
2396,0.1268821630700304
2397,0.12366800277659754
2400,0.12258733474453716
2401,0.12272179638898817
2402,0.12233890285193261
2403,0.12245544489905168
2404,0.1725081236916889
2405,0.12263403391116325
2406,0.12375647608323728
2407,0.14161316321707004
2408,0.1680768140805235
2409,0.17775123539184615
2410,0.18821618220280453
2411,0.12344452323275042
2412,0.12336977949839721
2414,0.18001284502786458
2415,0.12417635581724633
2416,0.1238349218092044
2418,0.15261196510289202
2421,0.12196613583263427
2422,0.12182172663809859
2423,0.1725785589570517
2424,0.12211995673029405
2425,0.12377584475346402
2426,0.12255897367730832
2427,0.12358229138843832
2428,0.18210763148644574
2429,0.1371560563407414
2430,0.16425754310482907
2431,0.12182171856933348
2432,0.123180356986649
2433,0.16529453832102944
2434,0.1295017480369126
2435,0.1230889327908775
2437,0.12182135067388779
2438,0.1268252562639908
2439,0.12206784603109729
2440,0.12359370777724585
2441,0.1217754562381625
2442,0.1217582405424978
2443,0.12310341113608335
2444,0.12239639275327274
2446,0.17082506503005898
2448,0.12351784245845496
2449,0.12625022361755947
2450,0.12217323478355549
2452,0.12207006167526986
2453,0.12228665009368178
2454,0.12270491180444225
2455,0.12239616817107449
2456,0.12196659609231077
2457,0.12164222457539911
2460,0.17427821064937096
2462,0.1424920982853857
2464,0.18803051974755755
2466,0.12212087563532119
2467,0.15776351405247613
2469,0.1608696267289627
2470,0.12164222457539911
2473,0.12490251886246292
2474,0.12302497611320787
2476,0.12511728566767033
2477,0.1506590243780601
2478,0.13804127737510946
2479,0.12460893020221962
2480,0.12309914455763853
2481,0.12172982010185046
2482,0.17061361474683578
2483,0.12172981176973562
2484,0.1558852500920964
2485,0.16059229626909008
2486,0.12251376805023946
2487,0.12201626639616471
2488,0.12397827004271066
2489,0.1484423020119946
2490,0.12234219325788227
2492,0.178378918030614
2493,0.12187051956045285
2495,0.16321817055331544
2497,0.12295542677650713
2499,0.14036973137630956
2500,0.17925705982519843
2503,0.12239726101958767
2504,0.16650677302716646
2505,0.12182182105655995
2506,0.15420459703827552
2507,0.18710474392453297
2513,0.12233967607250949
2514,0.1220193083305133
2515,0.12222815775477922
2517,0.12187047854076145
2518,0.1250040970392659
2520,0.17257748724886363
2521,0.16231719054586238
2522,0.1223187621276212
2523,0.1224541048526303
2524,0.1225656306286336
2525,0.12368474441280765
2526,0.1794858478749285
2527,0.12177605771653997
2528,0.12191720504905108
2531,0.12286126691544862
2532,0.148628927104313
2534,0.12251489910492941
2535,0.12211981674036203
2536,0.13197693550817802
2537,0.13006551079403839
2539,0.16212645425580208
2540,0.12337351527536375
2541,0.12168552910588856
2545,0.12205679745148842
2546,0.1629788937909435
2548,0.12196642846233376
2549,0.17180559464223835
2550,0.17087622953700035
2551,0.1682938557195019
2552,0.1505260072053528
2553,0.1759305375861093
2554,0.14345388908097176
2556,0.15757903548153834
2557,0.12338551120797328
2558,0.12275932863825072
2559,0.1731346820736416
2560,0.18521177659713112
2561,0.16774171227126589
2562,0.12228293196085724
2563,0.14940998584592732
2564,0.1818264624228573
2565,0.12177544271546653
2566,0.12302854482967816
2568,0.12212641882766687
2569,0.12164222457539911
2570,0.12269616198557988
2572,0.12265175336803867
2573,0.1675948350302998
2574,0.146018509203389
2575,0.16064215199209503
2576,0.1270088574918338
2577,0.1226340495822433
2578,0.1730338684415568
2579,0.15257376186518537
2580,0.1218704390423222
2581,0.12296047731158709
2584,0.12242422711840875
2585,0.12405881551576466
2586,0.182803784736449
2587,0.12257275822999099
2590,0.18551925481310488
2591,0.14419685016106157
2593,0.18151423063934133
2595,0.12172981176973562
2596,0.12164222457539911
2599,0.12231864140846527
2600,0.17855780949883437
2601,0.18303667357549971
2602,0.1852836084450559
2603,0.12675675270901943
2604,0.18542139211435285
2606,0.13714689360842372
2607,0.18463564576888125
2610,0.12502684062775132
2611,0.18671907092617276
2612,0.12316913005219511
2613,0.12526714487177715
2614,0.12245464972576288
2615,0.18114422703075203
2618,0.12282536293888201
2619,0.17182355695439452
2620,0.1253772368087326
2621,0.1218689702458545
2622,0.12277259077820966
2623,0.1571468586835678
2624,0.1821747736414702
2625,0.1817733069957763
2626,0.1235906126518084
2627,0.12414108678073435
2628,0.12315874333476488
2630,0.17613217202950224
2631,0.1513016533808213
2632,0.12191725544678544
2633,0.12413963344775351
2634,0.12182143862932125
2637,0.12368523272988768
2638,0.1737025406783863
2639,0.1238212930335307
2641,0.12258176680328142
2644,0.12309062716781069
2645,0.12528232287842747
2646,0.15831705711410293
2648,0.1247358896932161
2650,0.12251349697084764
2651,0.12191767966435024
2652,0.12487543084852577
2654,0.16738118614099587
2655,0.17465898603971267
2656,0.1223964359251972
2657,0.12509520992055767
2658,0.12374333454493891
2659,0.1256699632446633
3438,0.09394902442820306
3439,0.09309545670623767
3441,0.09296199904004744
3442,0.09565620644682186
3443,0.09381752470869509
3444,0.09292025403371933
3445,0.09300506434623723
3446,0.09319134828628246
3447,0.0929619838937865
3448,0.09584733934639442
3449,0.09565447062602922
3450,0.09357038245568895
3451,0.09276727891102252
3452,0.0934552262720352
3453,0.09276727891102252
3455,0.0950214833450985
3457,0.09296197767388216
3458,0.09369110420445545
3459,0.0933999032341235
3460,0.09422868441061279
3461,0.0930495701539845
3462,0.09369108387586128
3463,0.09394893826479803
3464,0.09445273102834718
3465,0.09345518489101323
3466,0.09408625237065253
3467,0.09284098666138177
3468,0.09430219640403209
3469,0.09422854148636453
3470,0.09345544441796573
3471,0.09401676690141594
3472,0.09339967580577789
3473,0.09351211589745327
3474,0.09357055668577158
3475,0.09452952802457672
3476,0.0933997457501809
3477,0.09296199379410323
3478,0.09351213984940644
3479,0.09339966030270291
3480,0.0940167213436313
3481,0.09334550790360865
3482,0.09329287177514622
3483,0.09329290571512891
3484,0.09339982840331927
3485,0.09363013135505183
3486,0.09437611392311657
3488,0.09584692338270788
3489,0.09292025052472674
3490,0.09339982499417139
3491,0.09388237242627755
3492,0.09309546409781601
3493,0.09363004956374717
3494,0.09287993655501611
3496,0.0936306354976972
3497,0.09394883745464633
3498,0.09357036837570529
3499,0.09375372254990937
3500,0.09369115516343798
3502,0.09304957360150042
3503,0.09329283288073614
3504,0.09304963139650453
3505,0.09401705355208982
3506,0.09594676530814654
3507,0.09309548834434035
3508,0.09394939089142394
3509,0.09381720490084168
3510,0.09369118536035641
3511,0.09381802444156312
3512,0.09329286181929917
3513,0.09296197463609049
3514,0.09528452950137087
3515,0.09319142735055114
3516,0.09334550517101743
3518,0.09460774209792894
3519,0.0935121486979456
3520,0.09314273913001153
3521,0.09700311826203373
3522,0.0930954846722535
3523,0.09334550790360865
3524,0.09345534760466946
3526,0.09437719310140115
3527,0.09388228198909533
3528,0.09485159133485421
3529,0.09476983043515555
3530,0.09304962905308935
3531,0.09309545356262597
3532,0.09339985642329124
3533,0.09339978963125026
3534,0.09388269882400262
3535,0.09363030024194693
3536,0.093191480271355
3537,0.09287993608864263
3538,0.09369119860118608
3539,0.09314284445426382
3541,0.09324133367452728
3542,0.09460819810919667
3543,0.09314277427619938
3544,0.09292028319741627
3545,0.1001658923436023
3546,0.09345549876705213
3547,0.09329299296171387
3548,0.09304961109878469
3549,0.09339983424119991
3551,0.09309549887722107
3552,0.09300507305173532
3553,0.09460846902791717
3554,0.09375367306129676
3555,0.09369152753569583
3557,0.09445190437590541
3558,0.09502151791630496
3559,0.09415671258231234
3560,0.09284098666120366
3562,0.09339966030270291
3563,0.09351225652096463
3564,0.09351232819935265
3565,0.09287992443495262
3566,0.09309557754187238
3567,0.09334551063976368
3568,0.09477010229054676
3569,0.09408577536731962
3570,0.09276727891102252
3571,0.09351215462566982
3572,0.09304955020707921
3573,0.09381748464746238
3574,0.09339969761485928
3575,0.09284098666079671
3576,0.09537522798312477
3578,0.0939487728081511
3579,0.09345518489101323
3580,0.09309546058564706
3581,0.0932413299705909
3582,0.0928409866568363
3583,0.09314280728282742
3584,0.09604692977747008
3585,0.09304957774037874
3587,0.09351211267608178
3588,0.09287992792798783
3589,0.09280343793762584
3590,0.0941566101014626
3591,0.09363004437659922
3593,0.09584829053125728
3594,0.09324132997493884
3595,0.09334551192210698
3596,0.10059516250445517
3597,0.09284098665708143
3598,0.0931913264120708
3599,0.09460794313130969
3600,0.09300513798122277
3601,0.09375368090752315
3602,0.09351227451909282
3603,0.09309543391426552
3604,0.09920912755759022
3605,0.09510767459334044
3606,0.09292025682488858
3607,0.09304957652078047
3608,0.0936300869867962
3610,0.09340007852266416
3611,0.09688773233538625
3612,0.09363067793013813
3613,0.09339966030270291
3614,0.09314273338409335
3615,0.09369133820507254
3616,0.09324143786643266
3617,0.0946089797949069
3618,0.09369104682505598
3619,0.09287993375743005
3620,0.09345525537427382
3622,0.09324137746082349
3623,0.09363007369005105
3624,0.09334565837153938
3625,0.0949359781179132
3627,0.09363004295646082
3628,0.09388282083343709
3629,0.09493605794880113
3630,0.0932927339812924
3631,0.09314269857931058
3632,0.09296200265990491
3634,0.09381720524808491
3635,0.09415639952224483
3636,0.09401660210128301
3637,0.09292026919659106
3638,0.09319138339450747
3639,0.0932413288015689
3640,0.09537501473330448
3641,0.0931427061874745
3642,0.09388253624182433
3643,0.09394889420030851
3644,0.0932927681453757
3645,0.09357068611344721
3646,0.09351212217446246
3647,0.09304955862727221
3648,0.09375366887648767
3649,0.09339966030270291
3650,0.09276727891102252
3652,0.09300510571374479
3653,0.09287992443055394
3654,0.09324135954472007
3655,0.09339966583782566
3656,0.09381719240293354
3657,0.09329274040621012
3658,0.09345523749160414
3659,0.09314278905631124
3660,0.09296201667269773
3661,0.09296198194679496
3662,0.0935124238087411
3663,0.09334553426361145
3664,0.09314278468131434
3665,0.0929619781390264
3666,0.09309542175121133
3667,0.09388242143423096
3668,0.09319131178387444
3669,0.09300506435071992
3670,0.09381726267232204
3671,0.09309552050239092
3672,0.09584882201407419
3673,0.09287994542427014
3675,0.09334551469223754
3676,0.09292025052472674
3678,0.09292028319316507
3679,0.0932929016688247
3680,0.09546892708370819
3681,0.0931426835493329
3682,0.09309547837772585
3683,0.09351219228233455
3685,0.09339968092056261
3686,0.09287992443155578
3687,0.09460772838903381
3688,0.09280343793767137
3689,0.09284098666112957
3690,0.094086713435543
3691,0.09284098666120366
3693,0.09430171579978394
3694,0.09292028552667934
3695,0.09339966030270291
3696,0.09339968115443419
3697,0.09375350524172854
3698,0.09357047340806934
3699,0.09284098665679202
3700,0.09300506435071992
3701,0.0933997304661529
3702,0.09502094339752759
3703,0.09339972733200505
3704,0.09280343793407214
3705,0.09502341525239856
3706,0.09401673291093426
3707,0.09394885707592744
3708,0.09339965507353808
3709,0.09276727891102252
3710,0.0940857945289069
3711,0.09430161798262168
3712,0.09304955737470694
3713,0.094085752027599
3714,0.09408598489418196
3715,0.09334550570130844
3716,0.09300506434617023
3717,0.09284098666120366
3718,0.09415635549675638
3719,0.0938827144376248
3720,0.09314278163503872
3722,0.09460835843851392
3724,0.09296199261793085
3725,0.09363006212068922
3726,0.09339976310491567
3727,0.0929619930848983
3728,0.09422828365516149
3729,0.09276727891102252
3730,0.09422818115282824
3731,0.0951954253805516
3732,0.09280343793404798
3733,0.09284098666559704
3734,0.09604499755734465
3735,0.09345518883515938
3736,0.09324137975572633
3737,0.09510786737628932
3738,0.09437670541502637
3739,0.09339967604494695
3740,0.09415643315021231
3742,0.09292025986726316
3743,0.09363006212068922
3744,0.09284098666120366
3745,0.0929619868963104
3746,0.09280343793400438
3747,0.09381760521373311
3748,0.09276727891102252
3749,0.09296196692984028
3751,0.0929619711332089
3752,0.09363015781168119
3753,0.09401664426042512
3754,0.09304958728672946
3755,0.09304955744544353
3757,0.09351210612760115
3758,0.09556137543343388
3759,0.09363017555204935
3760,0.09351230766654933
3761,0.0937534931472666
3762,0.09351215628096245
3763,0.09324146562675112
3764,0.09430239310894274
3765,0.09287992443575373
3766,0.09314267596437803
3767,0.0931427966488695
3768,0.09388258113002688
3769,0.09329277054784288
3770,0.09314279348593527
3771,0.09300514089015664
3772,0.09304960289700584
3773,0.09334552209263786
3774,0.09357043164967575
3775,0.093095572138993
3776,0.09363011800324657
3777,0.09314271362286669
3778,0.09329275420155093
3780,0.0934554031028204
3781,0.0928799264290424
3782,0.09452995409306075
3783,0.0932927270175804
3784,0.09324145761453692
3785,0.09363009920596224
3786,0.0937535900121112
3787,0.09292025869161867
3788,0.09324133439899017
3789,0.0930496068123124
3790,0.09565444151910266
3791,0.09375378475013817
3792,0.09339976361537951
3793,0.09604644016544417
3794,0.09476945818209187
3795,0.092920255360609
3796,0.09319140078285615
3798,0.09276727891102252
3799,0.09334575413872094
3800,0.09604514325468408
3801,0.09284099364638812
3802,0.09345528718300025
3803,0.09375392181406701
3804,0.09604488747356042
3805,0.09292027369720932
3806,0.09296197710479337
3807,0.0928034379340086
3808,0.09280343793403736
3809,0.09345541437271468
3810,0.09476950799884802
3811,0.09284098665679635
3812,0.09300511038819614
3813,0.09300506435071992
3814,0.09304956262022994
3815,0.09339965894554143
3816,0.09284099364638107
3817,0.09324141053860109
3818,0.0933455739999406
3819,0.09329274236277824
3820,0.09276727891102252
3821,0.09408652248690141
3822,0.09437618342629915
3823,0.09334580313356541
3824,0.09614587164908443
3825,0.09415737815545923
3826,0.09452949353589979
3827,0.0930495738311914
3828,0.09422833670854558
3829,0.09493680389008197
3831,0.09401697212793832
3832,0.09324140213818656
3833,0.09452935909249258
3834,0.09300507208698106
3835,0.09408575695926089
3836,0.09381763925761089
3837,0.09351213054456835
3838,0.09733936052299967
3839,0.09292026266355272
3840,0.09324133683379209
3841,0.09460794857852657
3842,0.09528499614884767
3843,0.09304957634320919
3844,0.09292025052469957
3845,0.09369108158455862
3846,0.09280343793400438
3847,0.0932929984073428
3848,0.09296196692985023
3849,0.09292025403371933
3850,0.09369113888455541
3852,0.09381731815897386
3853,0.09276727891102252
3854,0.09280343793405627
3855,0.09339981287701508
3856,0.09276727891102252
3857,0.0931913130626952
3858,0.09452921887326382
3859,0.09296202018423341
3860,0.09493548637412458
3862,0.09363009099209615
3863,0.09319135272494326
3864,0.09300506435071992
3865,0.09287992570239688
3866,0.09363015555889921
3867,0.09408585709767774
3868,0.09357039916082509
3869,0.09453001109191521
3870,0.0940861364661636
3871,0.09304955120943076
3873,0.09502102077856671
3874,0.09334550892778319
3875,0.09280343793400643
3876,0.0930954218266745
3878,0.09314273229994065
3879,0.09280343793405627
3880,0.09314279337025314
3881,0.09357064189871661
3882,0.09287993647731771
3883,0.09339966030270291
3884,0.09468785438908117
3885,0.09280343793400515
3887,0.0929202901937466
3888,0.09314276200163743
3889,0.09339965808154763
3890,0.09292026911444683
3891,0.09394920554375588
3892,0.09329273273841109
3893,0.09296199417484244
3894,0.0930954667893968
3895,0.09329292100122125
3896,0.09375353559699248
3897,0.09287992443063864
3898,0.09345525027659743
3899,0.09300506434623387
3900,0.09468828072213312
3901,0.09304962589368411
3902,0.09537547470823664
3903,0.0935704755131775
3904,0.09300513340888666
3905,0.09304957982883218
3906,0.09556099370816387
3907,0.09408603219145313
3908,0.09300510992585255
3909,0.09381746160620817
3910,0.09287992443052798
3911,0.09300506435071992
3912,0.09339966395586745
3913,0.09357037171343098
3914,0.09304964404614281
3915,0.09381733864553102
3916,0.09300511904005349
3917,0.09339967828077132
3918,0.09445416721015172
3919,0.0932413288015689
3920,0.09345519997375647
3921,0.09437619644210272
3922,0.09280343793401033
3923,0.09300507766762427
3924,0.09528466902401087
3925,0.09292025334270343
3926,0.09546701075878432
3927,0.0939494445419565
3928,0.09284098753520856
3929,0.09339975761076258
3930,0.09584873998099773
3931,0.09381771109063249
3932,0.09304955815942687
3933,0.09381747088745074
3934,0.09314270154738231
3935,0.09276727891102252
3936,0.0929619655289991
3937,0.09334562557361248
3938,0.1001652128331427
3939,0.09287992443051139
3940,0.0931913478584969
3941,0.09300515316197903
3942,0.09280343793756843
3944,0.09329284890897048
3945,0.09468852428381509
3946,0.0928799264290424
3947,0.0945295741722993
3949,0.09324153966203115
3950,0.09345560496832078
3951,0.09476915559799363
3952,0.0928799267621204
3953,0.09287992792811199
3954,0.09287992910259864
3955,0.09284098665686266
3956,0.09394922305737867
3957,0.09357045761319997
3958,0.09309549686301105
3959,0.09280343793403235
3960,0.09351219022424685
3963,0.09296197510313935
3964,0.09339989994647405
3965,0.09287992443052516
3966,0.09584747299663321
3967,0.09345537277854617
3968,0.0957504832087922
3969,0.0940166232168159
3970,0.09296199095430846
3971,0.09584757199039817
3972,0.09357039196033042
3973,0.0930495551968777
3974,0.09276727891102252
3975,0.0933996550735387
3976,0.09339968580716594
3977,0.09296196976466024
3978,0.09287993842529849
3979,0.09324144920141511
3981,0.009676523150898111
3982,0.01067894686280467
3983,0.009192126922389353
3984,0.009168768411534441
3985,0.009451816292432969
3986,0.009810903892038831
3987,0.009192126922389162
3988,0.009556646738282975
3990,0.009289264602116272
3991,0.009232361876579678
3992,0.009232361640302335
3993,0.009451815918678604
3994,0.010120773148548989
3995,0.009810907227357507
3996,0.009289266378536968
3997,0.010120768746565359
3998,0.01067895545517758
3999,0.009289266022734551
4000,0.009810906896223702
4001,0.009192126922389162
4002,0.009556649475325779
4003,0.009362540627639738
4004,0.009959196171630607
4005,0.009232361640302385
4006,0.009192126922393419
4007,0.009289264602116272
4008,0.009168768411534441
4009,0.009959188319800713
4010,0.009168768411534441
4012,0.009192126922389162
4013,0.009451816366158388
4014,0.010295025796563845
4015,0.009168768411534441
4016,0.009289264602116272
4017,0.009810907886529625
4018,0.009556644078400865
4019,0.009676524991021987
4020,0.009676529278140096
4021,0.010120772894701376
4022,0.009168768411534441
4023,0.011571120948392329
4024,0.009168768411534441
4025,0.009289264602116272
4026,0.00981090423228323
4027,0.00955665063291347
4028,0.009192126922389241
4029,0.009192126922389162
4030,0.01181660856116682
4032,0.009192126922393419
4033,0.009232361640302339
4034,0.009192126922393766
4035,0.009168768411534441
4036,0.009192126922389215
4037,0.009289265430314329
4038,0.009810907163614782
